pagina,contexto,ubicacion,texto_visible,destino_declarado,destino_final,promesa,resultado_codigo,problema,correccion,evidencia
"atlas-lentes-institucionales.html","estático","a[1]","← Volver al simulador","index.html","https://pavelgomez.github.io/MacroLab-Shock-Simulator/index.html","navegación","archivo local disponible","","","inspección DOM/código; no equivale a clic en navegador"
"atlas-lentes-institucionales.html","estático","reset","Limpiar filtros","reset","control:reset","acción","control: requiere comprobación de interacción","","","inspección DOM/código; no equivale a clic en navegador"
"atlas-lentes-institucionales.html","estático","nav-center-btn","?Ayuda","nav-center-btn","control:nav-center-btn","acción","control: requiere comprobación de interacción","","","inspección DOM/código; no equivale a clic en navegador"
"atlas-lentes-institucionales.html","estático","nav-center-close","✕","nav-center-close","control:nav-center-close","acción","control: requiere comprobación de interacción","","","inspección DOM/código; no equivale a clic en navegador"
"comparador_visual_shocks_v2.html","estático","button[1]","📊 Phillips Curve","switchTab('phillips', event)","control:switchTab('phillips', event)","acción","control: requiere comprobación de interacción","","","inspección DOM/código; no equivale a clic en navegador"
"comparador_visual_shocks_v2.html","estático","button[2]","📈 Impulse Response","switchTab('irf', event)","control:switchTab('irf', event)","acción","control: requiere comprobación de interacción","","","inspección DOM/código; no equivale a clic en navegador"
"comparador_visual_shocks_v2.html","estático","button[3]","🔄 Comparativa 8 Regímenes","switchTab('comparison', event)","control:switchTab('comparison', event)","acción","control: requiere comprobación de interacción","","","inspección DOM/código; no equivale a clic en navegador"
"comparador_visual_shocks_v2.html","estático","button[4]","🔥 Heat Map","switchTab('heatmap', event)","control:switchTab('heatmap', event)","acción","control: requiere comprobación de interacción","","","inspección DOM/código; no equivale a clic en navegador"
"comparador_visual_shocks_v2.html","estático","nav-center-btn","?Ayuda","nav-center-btn","control:nav-center-btn","acción","control: requiere comprobación de interacción","","","inspección DOM/código; no equivale a clic en navegador"
"comparador_visual_shocks_v2.html","estático","nav-center-close","✕","nav-center-close","control:nav-center-close","acción","control: requiere comprobación de interacción","","","inspección DOM/código; no equivale a clic en navegador"
"cronicas/index.html","estático","a[1]","← Volver a MacroLab","../index.html","https://pavelgomez.github.io/MacroLab-Shock-Simulator/index.html","navegación","archivo local disponible","","","inspección DOM/código; no equivale a clic en navegador"
"cronicas/index.html","estático","a[2]","Abrir policy brief","brief-chile-2008-2009.html","https://pavelgomez.github.io/MacroLab-Shock-Simulator/cronicas/brief-chile-2008-2009.html","navegación","archivo local disponible","","","inspección DOM/código; no equivale a clic en navegador"
"cronicas/index.html","estático","a[3]","Abrir policy brief","brief-chile-2021-2024.html","https://pavelgomez.github.io/MacroLab-Shock-Simulator/cronicas/brief-chile-2021-2024.html","navegación","archivo local disponible","","","inspección DOM/código; no equivale a clic en navegador"
"index.html","estático","a[1]","Saltar al contenido principal","#main","https://pavelgomez.github.io/MacroLab-Shock-Simulator/index.html#main","navegación","archivo y ancla disponibles; visibilidad por comprobar","","","inspección DOM/código; no equivale a clic en navegador"
"index.html","estático","welcome-start","Comenzar","welcome-start","control:welcome-start","acción","control: requiere comprobación de interacción","","","inspección DOM/código; no equivale a clic en navegador"
"index.html","estático","button[5]","Ver guía de uso","instrucciones","control:instrucciones","acción","control: requiere comprobación de interacción","","","inspección DOM/código; no equivale a clic en navegador"
"index.html","estático","button[6]","Inicio","inicio","control:inicio","acción","control: requiere comprobación de interacción","","","inspección DOM/código; no equivale a clic en navegador"
"index.html","estático","a[7]","Macro 1","macro1/","https://pavelgomez.github.io/MacroLab-Shock-Simulator/macro1/","navegación","archivo local disponible","","","inspección DOM/código; no equivale a clic en navegador"
"index.html","estático","button[8]","Instrucciones","instrucciones","control:instrucciones","acción","control: requiere comprobación de interacción","","","inspección DOM/código; no equivale a clic en navegador"
"index.html","estático","button[9]","IS-LM","islm","control:islm","acción","control: requiere comprobación de interacción","","","inspección DOM/código; no equivale a clic en navegador"
"index.html","estático","button[10]","IS-LM-BP","islmbp","control:islmbp","acción","control: requiere comprobación de interacción","","","inspección DOM/código; no equivale a clic en navegador"
"index.html","estático","button[11]","OA-DA","oada","control:oada","acción","control: requiere comprobación de interacción","","","inspección DOM/código; no equivale a clic en navegador"
"index.html","estático","button[12]","Shocks y transmisión","shocks","control:shocks","acción","control: requiere comprobación de interacción","","","inspección DOM/código; no equivale a clic en navegador"
"index.html","estático","button[13]","Marco institucional 4 ejes · 16 configuraciones posibles","institucional","control:institucional","acción","control: requiere comprobación de interacción","","","inspección DOM/código; no equivale a clic en navegador"
"index.html","estático","button[14]","Lentes institucionales ¿Cómo moldea el régimen el shock?","lentes","control:lentes","acción","control: requiere comprobación de interacción","","","inspección DOM/código; no equivale a clic en navegador"
"index.html","estático","button[15]","Comparador Phillips ¿Cuánto difieren las trayectorias?","comparador","control:comparador","acción","control: requiere comprobación de interacción","","","inspección DOM/código; no equivale a clic en navegador"
"index.html","estático","button[16]","Crónicas históricas Episodios reales · ancla la teoría","atlas-lentes","control:atlas-lentes","acción","control: requiere comprobación de interacción","","","inspección DOM/código; no equivale a clic en navegador"
"index.html","estático","a[17]","📑 Crónicas institucionales Policy briefs · abre en pestaña nueva ↗","cronicas/index.html","https://pavelgomez.github.io/MacroLab-Shock-Simulator/cronicas/index.html","navegación","archivo local disponible","","","inspección DOM/código; no equivale a clic en navegador"
"index.html","estático","button[18]","Atlas de shocks","atlas","control:atlas","acción","control: requiere comprobación de interacción","","","inspección DOM/código; no equivale a clic en navegador"
"index.html","estático","button[19]","Tablero macro","tablero","control:tablero","acción","control: requiere comprobación de interacción","","","inspección DOM/código; no equivale a clic en navegador"
"index.html","estático","button[20]","Lectura de datos","lectura","control:lectura","acción","control: requiere comprobación de interacción","","","inspección DOM/código; no equivale a clic en navegador"
"index.html","estático","button[21]","Glosario","glosario","control:glosario","acción","control: requiere comprobación de interacción","","","inspección DOM/código; no equivale a clic en navegador"
"index.html","estático","dark-toggle","◑ Proyección","dark-toggle","control:dark-toggle","acción","control: requiere comprobación de interacción","","","inspección DOM/código; no equivale a clic en navegador"
"index.html","estático","button[24]","leer instrucciones","instrucciones","control:instrucciones","acción","control: requiere comprobación de interacción","","","inspección DOM/código; no equivale a clic en navegador"
"index.html","estático","button[28]","ir a OA-DA →","oada","control:oada","acción","control: requiere comprobación de interacción","","","inspección DOM/código; no equivale a clic en navegador"
"index.html","estático","button[32]","ver modelo →","islm","control:islm","acción","control: requiere comprobación de interacción","","","inspección DOM/código; no equivale a clic en navegador"
"index.html","estático","button[33]","ver modelo →","islmbp","control:islmbp","acción","control: requiere comprobación de interacción","","","inspección DOM/código; no equivale a clic en navegador"
"index.html","estático","button[34]","ver modelo →","oada","control:oada","acción","control: requiere comprobación de interacción","","","inspección DOM/código; no equivale a clic en navegador"
"index.html","estático","button[36]","ver atlas →","atlas","control:atlas","acción","control: requiere comprobación de interacción","","","inspección DOM/código; no equivale a clic en navegador"
"index.html","estático","button[37]","ver marco →","institucional","control:institucional","acción","control: requiere comprobación de interacción","","","inspección DOM/código; no equivale a clic en navegador"
"index.html","estático","button[38]","ver lentes →","lentes","control:lentes","acción","control: requiere comprobación de interacción","","","inspección DOM/código; no equivale a clic en navegador"
"index.html","estático","button[39]","ver crónicas →","atlas-lentes","control:atlas-lentes","acción","control: requiere comprobación de interacción","","","inspección DOM/código; no equivale a clic en navegador"
"index.html","estático","a[40]","← Volver al Inicio / elegir otra ruta","#inicio","https://pavelgomez.github.io/MacroLab-Shock-Simulator/index.html#inicio","navegación","archivo y ancla disponibles; visibilidad por comprobar","","","inspección DOM/código; no equivale a clic en navegador"
"index.html","estático","button[41]","ir a Q1 →","institucional","control:institucional","acción","control: requiere comprobación de interacción","","","inspección DOM/código; no equivale a clic en navegador"
"index.html","estático","button[42]","ir a Q2 →","lentes","control:lentes","acción","control: requiere comprobación de interacción","","","inspección DOM/código; no equivale a clic en navegador"
"index.html","estático","button[43]","ir a Q3 →","comparador","control:comparador","acción","control: requiere comprobación de interacción","","","inspección DOM/código; no equivale a clic en navegador"
"index.html","estático","button[44]","ir a Q4 →","atlas-lentes","control:atlas-lentes","acción","control: requiere comprobación de interacción","","","inspección DOM/código; no equivale a clic en navegador"
"index.html","estático","button[45]","probar en OA-DA →","oada","control:oada","acción","control: requiere comprobación de interacción","","","inspección DOM/código; no equivale a clic en navegador"
"index.html","estático","button[46]","probar en IS-LM →","islm","control:islm","acción","control: requiere comprobación de interacción","","","inspección DOM/código; no equivale a clic en navegador"
"index.html","estático","button[47]","probar en IS-LM-BP →","islmbp","control:islmbp","acción","control: requiere comprobación de interacción","","","inspección DOM/código; no equivale a clic en navegador"
"index.html","estático","button[48]","2020: OA-DA →","oada","control:oada","acción","control: requiere comprobación de interacción","","","inspección DOM/código; no equivale a clic en navegador"
"index.html","estático","button[49]","2021: OA-DA →","oada","control:oada","acción","control: requiere comprobación de interacción","","","inspección DOM/código; no equivale a clic en navegador"
"index.html","estático","a[50]","← Volver al Inicio / elegir otra ruta","#inicio","https://pavelgomez.github.io/MacroLab-Shock-Simulator/index.html#inicio","navegación","archivo y ancla disponibles; visibilidad por comprobar","","","inspección DOM/código; no equivale a clic en navegador"
"index.html","estático","islm-reset","Restablecer base 2026","islm-reset","control:islm-reset","acción","control: requiere comprobación de interacción","","","inspección DOM/código; no equivale a clic en navegador"
"index.html","estático","a[64]","← Volver al Inicio / elegir otra ruta","#inicio","https://pavelgomez.github.io/MacroLab-Shock-Simulator/index.html#inicio","navegación","archivo y ancla disponibles; visibilidad por comprobar","","","inspección DOM/código; no equivale a clic en navegador"
"index.html","estático","islmbp-reset","Restablecer base 2026","islmbp-reset","control:islmbp-reset","acción","control: requiere comprobación de interacción","","","inspección DOM/código; no equivale a clic en navegador"
"index.html","estático","a[78]","← Volver al Inicio / elegir otra ruta","#inicio","https://pavelgomez.github.io/MacroLab-Shock-Simulator/index.html#inicio","navegación","archivo y ancla disponibles; visibilidad por comprobar","","","inspección DOM/código; no equivale a clic en navegador"
"index.html","estático","oada-reset","Restablecer base 2026","oada-reset","control:oada-reset","acción","control: requiere comprobación de interacción","","","inspección DOM/código; no equivale a clic en navegador"
"index.html","estático","a[93]","← Volver al Inicio / elegir otra ruta","#inicio","https://pavelgomez.github.io/MacroLab-Shock-Simulator/index.html#inicio","navegación","archivo y ancla disponibles; visibilidad por comprobar","","","inspección DOM/código; no equivale a clic en navegador"
"index.html","estático","button[94]","simular en OA-DA →","oada","control:oada","acción","control: requiere comprobación de interacción","","","inspección DOM/código; no equivale a clic en navegador"
"index.html","estático","button[95]","simular en IS-LM-BP →","islmbp","control:islmbp","acción","control: requiere comprobación de interacción","","","inspección DOM/código; no equivale a clic en navegador"
"index.html","estático","button[96]","simular en IS-LM →","islm","control:islm","acción","control: requiere comprobación de interacción","","","inspección DOM/código; no equivale a clic en navegador"
"index.html","estático","button[97]","simular en OA-DA →","oada","control:oada","acción","control: requiere comprobación de interacción","","","inspección DOM/código; no equivale a clic en navegador"
"index.html","estático","button[98]","simular en OA-DA →","oada","control:oada","acción","control: requiere comprobación de interacción","","","inspección DOM/código; no equivale a clic en navegador"
"index.html","estático","button[99]","simular en IS-LM-BP →","islmbp","control:islmbp","acción","control: requiere comprobación de interacción","","","inspección DOM/código; no equivale a clic en navegador"
"index.html","estático","button[100]","simular en IS-LM-BP →","islmbp","control:islmbp","acción","control: requiere comprobación de interacción","","","inspección DOM/código; no equivale a clic en navegador"
"index.html","estático","button[101]","simular mejora →","oada","control:oada","acción","control: requiere comprobación de interacción","","","inspección DOM/código; no equivale a clic en navegador"
"index.html","estático","button[102]","simular caída →","oada","control:oada","acción","control: requiere comprobación de interacción","","","inspección DOM/código; no equivale a clic en navegador"
"index.html","estático","button[103]","IS-LM","islm","control:islm","acción","control: requiere comprobación de interacción","","","inspección DOM/código; no equivale a clic en navegador"
"index.html","estático","button[104]","IS-LM","islm","control:islm","acción","control: requiere comprobación de interacción","","","inspección DOM/código; no equivale a clic en navegador"
"index.html","estático","button[105]","IS-LM","islm","control:islm","acción","control: requiere comprobación de interacción","","","inspección DOM/código; no equivale a clic en navegador"
"index.html","estático","button[106]","IS-LM-BP","islmbp","control:islmbp","acción","control: requiere comprobación de interacción","","","inspección DOM/código; no equivale a clic en navegador"
"index.html","estático","button[107]","OA-DA","oada","control:oada","acción","control: requiere comprobación de interacción","","","inspección DOM/código; no equivale a clic en navegador"
"index.html","estático","button[108]","IS-LM-BP","islmbp","control:islmbp","acción","control: requiere comprobación de interacción","","","inspección DOM/código; no equivale a clic en navegador"
"index.html","estático","button[109]","IS-LM-BP","islmbp","control:islmbp","acción","control: requiere comprobación de interacción","","","inspección DOM/código; no equivale a clic en navegador"
"index.html","estático","button[110]","OA-DA","oada","control:oada","acción","control: requiere comprobación de interacción","","","inspección DOM/código; no equivale a clic en navegador"
"index.html","estático","button[111]","OA-DA","oada","control:oada","acción","control: requiere comprobación de interacción","","","inspección DOM/código; no equivale a clic en navegador"
"index.html","estático","button[112]","OA-DA","oada","control:oada","acción","control: requiere comprobación de interacción","","","inspección DOM/código; no equivale a clic en navegador"
"index.html","estático","button[113]","OA-DA","oada","control:oada","acción","control: requiere comprobación de interacción","","","inspección DOM/código; no equivale a clic en navegador"
"index.html","estático","button[114]","IS-LM-BP","islmbp","control:islmbp","acción","control: requiere comprobación de interacción","","","inspección DOM/código; no equivale a clic en navegador"
"index.html","estático","a[115]","← Volver al Inicio / elegir otra ruta","#inicio","https://pavelgomez.github.io/MacroLab-Shock-Simulator/index.html#inicio","navegación","archivo y ancla disponibles; visibilidad por comprobar","","","inspección DOM/código; no equivale a clic en navegador"
"index.html","estático","a[116]","← Volver al Inicio / elegir otra ruta","#inicio","https://pavelgomez.github.io/MacroLab-Shock-Simulator/index.html#inicio","navegación","archivo y ancla disponibles; visibilidad por comprobar","","","inspección DOM/código; no equivale a clic en navegador"
"index.html","estático","a[120]","← Volver al Inicio / elegir otra ruta","#inicio","https://pavelgomez.github.io/MacroLab-Shock-Simulator/index.html#inicio","navegación","archivo y ancla disponibles; visibilidad por comprobar","","","inspección DOM/código; no equivale a clic en navegador"
"index.html","estático","lentes-compare","③ Ver las 4 configuraciones para este shock","lentes-compare","control:lentes-compare","acción","control: requiere comprobación de interacción","","","inspección DOM/código; no equivale a clic en navegador"
"index.html","estático","a[122]","Abrir atlas →","atlas-lentes-institucionales.html","https://pavelgomez.github.io/MacroLab-Shock-Simulator/atlas-lentes-institucionales.html","navegación","archivo local disponible","","","inspección DOM/código; no equivale a clic en navegador"
"index.html","estático","a[123]","📑 Crónicas institucionales (policy briefs)","cronicas/index.html","https://pavelgomez.github.io/MacroLab-Shock-Simulator/cronicas/index.html","navegación","archivo local disponible","","","inspección DOM/código; no equivale a clic en navegador"
"index.html","estático","a[124]","← Volver al Inicio / elegir otra ruta","#inicio","https://pavelgomez.github.io/MacroLab-Shock-Simulator/index.html#inicio","navegación","archivo y ancla disponibles; visibilidad por comprobar","","","inspección DOM/código; no equivale a clic en navegador"
"index.html","estático","a[125]","← Volver al Inicio / elegir otra ruta","#inicio","https://pavelgomez.github.io/MacroLab-Shock-Simulator/index.html#inicio","navegación","archivo y ancla disponibles; visibilidad por comprobar","","","inspección DOM/código; no equivale a clic en navegador"
"index.html","estático","a[126]","source-manifest.json","data/source-manifest.json","https://pavelgomez.github.io/MacroLab-Shock-Simulator/data/source-manifest.json","descarga","archivo local disponible","","","inspección DOM/código; no equivale a clic en navegador"
"index.html","estático","a[127]","series-anuales.csv","data/series-anuales.csv","https://pavelgomez.github.io/MacroLab-Shock-Simulator/data/series-anuales.csv","descarga","archivo local disponible","","","inspección DOM/código; no equivale a clic en navegador"
"index.html","estático","a[128]","series-anuales-l2.csv","data/series-anuales-l2.csv","https://pavelgomez.github.io/MacroLab-Shock-Simulator/data/series-anuales-l2.csv","descarga","archivo local disponible","","","inspección DOM/código; no equivale a clic en navegador"
"index.html","estático","a[133]","← Volver al Inicio / elegir otra ruta","#inicio","https://pavelgomez.github.io/MacroLab-Shock-Simulator/index.html#inicio","navegación","archivo y ancla disponibles; visibilidad por comprobar","","","inspección DOM/código; no equivale a clic en navegador"
"index.html","estático","button[134]","simular →","oada","control:oada","acción","control: requiere comprobación de interacción","","","inspección DOM/código; no equivale a clic en navegador"
"index.html","estático","button[135]","simular →","islmbp","control:islmbp","acción","control: requiere comprobación de interacción","","","inspección DOM/código; no equivale a clic en navegador"
"index.html","estático","button[136]","simular →","oada","control:oada","acción","control: requiere comprobación de interacción","","","inspección DOM/código; no equivale a clic en navegador"
"index.html","estático","button[137]","simular →","islm","control:islm","acción","control: requiere comprobación de interacción","","","inspección DOM/código; no equivale a clic en navegador"
"index.html","estático","a[138]","← Volver al Inicio","#inicio","https://pavelgomez.github.io/MacroLab-Shock-Simulator/index.html#inicio","navegación","archivo y ancla disponibles; visibilidad por comprobar","","","inspección DOM/código; no equivale a clic en navegador"
"index.html","estático","comp-remove-c","✕ Quitar C","comp-remove-c","control:comp-remove-c","acción","control: requiere comprobación de interacción","","","inspección DOM/código; no equivale a clic en navegador"
"index.html","estático","comp-add-c","+ Agregar Régimen C","comp-add-c","control:comp-add-c","acción","control: requiere comprobación de interacción","","","inspección DOM/código; no equivale a clic en navegador"
"index.html","estático","a[141]","← Volver al Inicio / elegir otra ruta","#inicio","https://pavelgomez.github.io/MacroLab-Shock-Simulator/index.html#inicio","navegación","archivo y ancla disponibles; visibilidad por comprobar","","","inspección DOM/código; no equivale a clic en navegador"
"index.html","estático","a[142]","← Volver al Inicio / elegir otra ruta","#inicio","https://pavelgomez.github.io/MacroLab-Shock-Simulator/index.html#inicio","navegación","archivo y ancla disponibles; visibilidad por comprobar","","","inspección DOM/código; no equivale a clic en navegador"
"index.html","estático","case-modal-close","×","case-modal-close","control:case-modal-close","acción","control: requiere comprobación de interacción","","","inspección DOM/código; no equivale a clic en navegador"
"index.html","estático","case-modal-continue","Abrir caso en el laboratorio","case-modal-continue","control:case-modal-continue","acción","control: requiere comprobación de interacción","","","inspección DOM/código; no equivale a clic en navegador"
"index.html","estático","a[145]","CC BY-NC-SA 4.0 — Uso libre no comercial con atribución","https://creativecommons.org/licenses/by-nc-sa/4.0/deed.es","https://creativecommons.org/licenses/by-nc-sa/4.0/deed.es","navegación","externo: pendiente","","","inspección DOM/código; no equivale a clic en navegador"
"index.html","estático","a[146]","Ver licencia","LICENSE.md","https://pavelgomez.github.io/MacroLab-Shock-Simulator/LICENSE.md","navegación","archivo local disponible","","","inspección DOM/código; no equivale a clic en navegador"
"index.html","estático","nav-center-btn","?Ayuda","nav-center-btn","control:nav-center-btn","acción","control: requiere comprobación de interacción","","","inspección DOM/código; no equivale a clic en navegador"
"index.html","estático","nav-center-close","✕","nav-center-close","control:nav-center-close","acción","control: requiere comprobación de interacción","","","inspección DOM/código; no equivale a clic en navegador"
"macro1/index.html","estático","a[1]","Saltar al contenido principal","#main","https://pavelgomez.github.io/MacroLab-Shock-Simulator/macro1/index.html#main","navegación","archivo y ancla disponibles; visibilidad por comprobar","","","inspección DOM/código; no equivale a clic en navegador"
"macro1/index.html","estático","button[2]","Empezar la ruta guiada","route","control:route","acción","control: requiere comprobación de interacción","","","inspección DOM/código; no equivale a clic en navegador"
"macro1/index.html","estático","button[3]","Explorar laboratorios","med","control:med","acción","control: requiere comprobación de interacción","","","inspección DOM/código; no equivale a clic en navegador"
"macro1/index.html","estático","a[4]","← MacroLab principal","../","https://pavelgomez.github.io/MacroLab-Shock-Simulator/","navegación","archivo local disponible","","","inspección DOM/código; no equivale a clic en navegador"
"macro1/index.html","estático","tab-route","Ruta por clases","route","control:route","acción","control: requiere comprobación de interacción","","","inspección DOM/código; no equivale a clic en navegador"
"macro1/index.html","estático","tab-med","Lab · Índices","med","control:med","acción","control: requiere comprobación de interacción","","","inspección DOM/código; no equivale a clic en navegador"
"macro1/index.html","estático","tab-cta","Lab · PIB por gasto","cta","control:cta","acción","control: requiere comprobación de interacción","","","inspección DOM/código; no equivale a clic en navegador"
"macro1/index.html","estático","tab-cruz","Lab · Mercado de bienes","cruz","control:cruz","acción","control: requiere comprobación de interacción","","","inspección DOM/código; no equivale a clic en navegador"
"macro1/index.html","estático","tab-din","Lab · Dinero / tasa","din","control:din","acción","control: requiere comprobación de interacción","","","inspección DOM/código; no equivale a clic en navegador"
"macro1/index.html","estático","tab-lm","Lab · Relación LM","lm","control:lm","acción","control: requiere comprobación de interacción","","","inspección DOM/código; no equivale a clic en navegador"
"macro1/index.html","estático","tab-is","Lab · Curva IS","is","control:is","acción","control: requiere comprobación de interacción","","","inspección DOM/código; no equivale a clic en navegador"
"macro1/index.html","estático","tab-islm","Lab · IS-LM","islm","control:islm","acción","control: requiere comprobación de interacción","","","inspección DOM/código; no equivale a clic en navegador"
"macro1/index.html","estático","tab-lab","Lab · Mercado laboral","lab","control:lab","acción","control: requiere comprobación de interacción","","","inspección DOM/código; no equivale a clic en navegador"
"macro1/index.html","estático","class-tab-1","Clase 1 · Introducción","class-tab-1","control:class-tab-1","acción","control: requiere comprobación de interacción","","","inspección DOM/código; no equivale a clic en navegador"
"macro1/index.html","estático","class-tab-2","Clase 2 · Medición","class-tab-2","control:class-tab-2","acción","control: requiere comprobación de interacción","","","inspección DOM/código; no equivale a clic en navegador"
"macro1/index.html","estático","class-tab-3","Clase 3 · Mercado de bienes","class-tab-3","control:class-tab-3","acción","control: requiere comprobación de interacción","","","inspección DOM/código; no equivale a clic en navegador"
"macro1/index.html","estático","class-tab-4","Clase 4 · Dinero","class-tab-4","control:class-tab-4","acción","control: requiere comprobación de interacción","","","inspección DOM/código; no equivale a clic en navegador"
"macro1/index.html","estático","class-tab-5","Clase 5 · Curva IS","class-tab-5","control:class-tab-5","acción","control: requiere comprobación de interacción","","","inspección DOM/código; no equivale a clic en navegador"
"macro1/index.html","estático","class-tab-6","Clase 6 · IS-LM","class-tab-6","control:class-tab-6","acción","control: requiere comprobación de interacción","","","inspección DOM/código; no equivale a clic en navegador"
"macro1/index.html","estático","class-tab-7","Clase 7 · Ajuste","class-tab-7","control:class-tab-7","acción","control: requiere comprobación de interacción","","","inspección DOM/código; no equivale a clic en navegador"
"macro1/index.html","estático","calcMedBtn","Recalcular","calcMedBtn","control:calcMedBtn","acción","control: requiere comprobación de interacción","","","inspección DOM/código; no equivale a clic en navegador"
"macro1/index.html","estático","checkUy","Comprobar","checkUy","control:checkUy","acción","control: requiere comprobación de interacción","","","inspección DOM/código; no equivale a clic en navegador"
"macro1/index.html","estático","a[23]","INE ↗","https://www.ine.gob.cl/sala-de-prensa/prensa/general/noticia/2026/08/07/%C3%ADndice-de-precios-al-consumidor-%28ipc%29-de-julio-present%C3%B3-una-variaci%C3%B3n-mensual-de-0-1","https://www.ine.gob.cl/sala-de-prensa/prensa/general/noticia/2026/08/07/%C3%ADndice-de-precios-al-consumidor-%28ipc%29-de-julio-present%C3%B3-una-variaci%C3%B3n-mensual-de-0-1","navegación","externo: pendiente","","","inspección DOM/código; no equivale a clic en navegador"
"macro1/index.html","estático","resetCta","Reiniciar","resetCta","control:resetCta","acción","control: requiere comprobación de interacción","","","inspección DOM/código; no equivale a clic en navegador"
"macro1/index.html","estático","omoBuy","BC compra bonos","omoBuy","control:omoBuy","acción","control: requiere comprobación de interacción","","","inspección DOM/código; no equivale a clic en navegador"
"macro1/index.html","estático","omoSell","BC vende bonos","omoSell","control:omoSell","acción","control: requiere comprobación de interacción","","","inspección DOM/código; no equivale a clic en navegador"
"macro1/index.html","estático","moneyReset","Base","moneyReset","control:moneyReset","acción","control: requiere comprobación de interacción","","","inspección DOM/código; no equivale a clic en navegador"
"macro1/index.html","estático","checkBondRates","Comprobar","checkBondRates","control:checkBondRates","acción","control: requiere comprobación de interacción","","","inspección DOM/código; no equivale a clic en navegador"
"macro1/index.html","estático","a[29]","Base de Datos Estadísticos del Banco Central de Chile ↗","https://si3.bcentral.cl/siete/ES/Siete/Cuadro/CAP_EST_OMA/MN_EST_OMA/EM_OMA_30?idSerie=F022.TPM.TIN.D001.NO.Z.D","https://si3.bcentral.cl/siete/ES/Siete/Cuadro/CAP_EST_OMA/MN_EST_OMA/EM_OMA_30?idSerie=F022.TPM.TIN.D001.NO.Z.D","navegación","externo: pendiente","","","inspección DOM/código; no equivale a clic en navegador"
"macro1/index.html","estático","a[30]","Base de Datos Estadísticos del Banco Central de Chile ↗","https://si3.bcentral.cl/siete/ES/Siete/Cuadro/CAP_EST_OMA/MN_EST_OMA/EM_OMA_30?idSerie=F022.TPM.TIN.D001.NO.Z.D","https://si3.bcentral.cl/siete/ES/Siete/Cuadro/CAP_EST_OMA/MN_EST_OMA/EM_OMA_30?idSerie=F022.TPM.TIN.D001.NO.Z.D","navegación","externo: pendiente","","","inspección DOM/código; no equivale a clic en navegador"
"macro1/index.html","estático","a[31]","DIPRES, «Congreso despacha a ley el Presupuesto 2026» ↗","https://www.dipres.gob.cl/598/w3-article-393844.html","https://www.dipres.gob.cl/598/w3-article-393844.html","navegación","externo: pendiente","","","inspección DOM/código; no equivale a clic en navegador"
"macro1/index.html","estático","islmStep0","Solo el punto","islmStep0","control:islmStep0","acción","control: requiere comprobación de interacción","","","inspección DOM/código; no equivale a clic en navegador"
"macro1/index.html","estático","islmStep1","Paso 1 · en horas","islmStep1","control:islmStep1","acción","control: requiere comprobación de interacción","","","inspección DOM/código; no equivale a clic en navegador"
"macro1/index.html","estático","islmStep2","Paso 2 · en semanas","islmStep2","control:islmStep2","acción","control: requiere comprobación de interacción","","","inspección DOM/código; no equivale a clic en navegador"
"macro1/index.html","estático","islmAnnounce","El día del anuncio","islmAnnounce","control:islmAnnounce","acción","control: requiere comprobación de interacción","","","inspección DOM/código; no equivale a clic en navegador"
"macro1/index.html","estático","islmViewFull","Curvas completas","islmViewFull","control:islmViewFull","acción","control: requiere comprobación de interacción","","","inspección DOM/código; no equivale a clic en navegador"
"macro1/index.html","estático","islmViewZoom","Acercar al equilibrio","islmViewZoom","control:islmViewZoom","acción","control: requiere comprobación de interacción","","","inspección DOM/código; no equivale a clic en navegador"
"macro1/index.html","estático","calcLabor","Calcular indicadores","calcLabor","control:calcLabor","acción","control: requiere comprobación de interacción","","","inspección DOM/código; no equivale a clic en navegador"
"macro1/index.html","estático","checkInverse","Comprobar","checkInverse","control:checkInverse","acción","control: requiere comprobación de interacción","","","inspección DOM/código; no equivale a clic en navegador"
"macro1/index.html","estático","a[45]","INE, boletín n.º 307 ↗","https://www.ine.gob.cl/docs/default-source/ocupacion-y-desocupacion/boletines/2024/nacional/ene-nacional-307.pdf","https://www.ine.gob.cl/docs/default-source/ocupacion-y-desocupacion/boletines/2024/nacional/ene-nacional-307.pdf","navegación","externo: pendiente","","","inspección DOM/código; no equivale a clic en navegador"
"macro1/notas/cronica-clase1-chile-2026.html","estático","a[1]","Saltar al contenido","#contenido","https://pavelgomez.github.io/MacroLab-Shock-Simulator/macro1/notas/cronica-clase1-chile-2026.html#contenido","navegación","archivo y ancla disponibles; visibilidad por comprobar","","","inspección DOM/código; no equivale a clic en navegador"
"macro1/notas/cronica-clase1-chile-2026.html","estático","a[2]","← Volver al laboratorio","../index.html#route","https://pavelgomez.github.io/MacroLab-Shock-Simulator/macro1/index.html#route","navegación","archivo y ancla disponibles; visibilidad por comprobar","","","inspección DOM/código; no equivale a clic en navegador"
"macro1/notas/cronica-clase1-chile-2026.html","estático","a[3]","Descargar PDF","cronica-clase1.pdf","https://pavelgomez.github.io/MacroLab-Shock-Simulator/macro1/notas/cronica-clase1.pdf","descarga","archivo local disponible","","","inspección DOM/código; no equivale a clic en navegador"
"macro1/notas/cronica-clase1-chile-2026.html","estático","a[4]","Tres escenas de un martes cualquiera","#s1","https://pavelgomez.github.io/MacroLab-Shock-Simulator/macro1/notas/cronica-clase1-chile-2026.html#s1","navegación","archivo y ancla disponibles; visibilidad por comprobar","","","inspección DOM/código; no equivale a clic en navegador"
"macro1/notas/cronica-clase1-chile-2026.html","estático","a[5]","El titular: «la economía chilena cayó»","#s2","https://pavelgomez.github.io/MacroLab-Shock-Simulator/macro1/notas/cronica-clase1-chile-2026.html#s2","navegación","archivo y ancla disponibles; visibilidad por comprobar","","","inspección DOM/código; no equivale a clic en navegador"
"macro1/notas/cronica-clase1-chile-2026.html","estático","a[6]","Abrir la caja: qué hay dentro de un −0,9%","#s3","https://pavelgomez.github.io/MacroLab-Shock-Simulator/macro1/notas/cronica-clase1-chile-2026.html#s3","navegación","archivo y ancla disponibles; visibilidad por comprobar","","","inspección DOM/código; no equivale a clic en navegador"
"macro1/notas/cronica-clase1-chile-2026.html","estático","a[7]","Un mes no es una tendencia","#s4","https://pavelgomez.github.io/MacroLab-Shock-Simulator/macro1/notas/cronica-clase1-chile-2026.html#s4","navegación","archivo y ancla disponibles; visibilidad por comprobar","","","inspección DOM/código; no equivale a clic en navegador"
"macro1/notas/cronica-clase1-chile-2026.html","estático","a[8]","El origen: un estrecho que se cierra","#s5","https://pavelgomez.github.io/MacroLab-Shock-Simulator/macro1/notas/cronica-clase1-chile-2026.html#s5","navegación","archivo y ancla disponibles; visibilidad por comprobar","","","inspección DOM/código; no equivale a clic en navegador"
"macro1/notas/cronica-clase1-chile-2026.html","estático","a[9]","La cadena: del estrecho a tu bolsillo","#s6","https://pavelgomez.github.io/MacroLab-Shock-Simulator/macro1/notas/cronica-clase1-chile-2026.html#s6","navegación","archivo y ancla disponibles; visibilidad por comprobar","","","inspección DOM/código; no equivale a clic en navegador"
"macro1/notas/cronica-clase1-chile-2026.html","estático","a[10]","Por qué no todos pueden subir los precios","#s7","https://pavelgomez.github.io/MacroLab-Shock-Simulator/macro1/notas/cronica-clase1-chile-2026.html#s7","navegación","archivo y ancla disponibles; visibilidad por comprobar","","","inspección DOM/código; no equivale a clic en navegador"
"macro1/notas/cronica-clase1-chile-2026.html","estático","a[11]","La hipótesis incómoda: ¿fue el shock o fue el susto?","#s8","https://pavelgomez.github.io/MacroLab-Shock-Simulator/macro1/notas/cronica-clase1-chile-2026.html#s8","navegación","archivo y ancla disponibles; visibilidad por comprobar","","","inspección DOM/código; no equivale a clic en navegador"
"macro1/notas/cronica-clase1-chile-2026.html","estático","a[12]","La otra pregunta: ¿y si creciéramos 4 o 5%?","#s9","https://pavelgomez.github.io/MacroLab-Shock-Simulator/macro1/notas/cronica-clase1-chile-2026.html#s9","navegación","archivo y ancla disponibles; visibilidad por comprobar","","","inspección DOM/código; no equivale a clic en navegador"
"macro1/notas/cronica-clase1-chile-2026.html","estático","a[13]","Tus cuatro fichas de datos","#s10","https://pavelgomez.github.io/MacroLab-Shock-Simulator/macro1/notas/cronica-clase1-chile-2026.html#s10","navegación","archivo y ancla disponibles; visibilidad por comprobar","","","inspección DOM/código; no equivale a clic en navegador"
"macro1/notas/cronica-clase1-chile-2026.html","estático","a[14]","Lo que haremos en la clase 1","#s11","https://pavelgomez.github.io/MacroLab-Shock-Simulator/macro1/notas/cronica-clase1-chile-2026.html#s11","navegación","archivo y ancla disponibles; visibilidad por comprobar","","","inspección DOM/código; no equivale a clic en navegador"
"macro1/notas/cronica-clase1-chile-2026.html","estático","a[15]","Ver nota","https://www.t13.cl/noticia/politica/exministro-marcel-por-caida-del-imacec-deterioro-se-produjo-shock-combustibles-2-7-2026","https://www.t13.cl/noticia/politica/exministro-marcel-por-caida-del-imacec-deterioro-se-produjo-shock-combustibles-2-7-2026","navegación","externo: pendiente","","","inspección DOM/código; no equivale a clic en navegador"
"macro1/notas/cronica-clase1-chile-2026.html","estático","a[16]","Ver publicación","https://growthlab.hks.harvard.edu/publication/hausmann-hidalgo-economic-complexity/","https://growthlab.hks.harvard.edu/publication/hausmann-hidalgo-economic-complexity/","navegación","externo: pendiente","","","inspección DOM/código; no equivale a clic en navegador"
"macro1/notas/cronica-clase2-chile-2026.html","estático","a[1]","Saltar al contenido","#contenido","https://pavelgomez.github.io/MacroLab-Shock-Simulator/macro1/notas/cronica-clase2-chile-2026.html#contenido","navegación","archivo y ancla disponibles; visibilidad por comprobar","","","inspección DOM/código; no equivale a clic en navegador"
"macro1/notas/cronica-clase2-chile-2026.html","estático","a[2]","← Volver al laboratorio","../index.html#route","https://pavelgomez.github.io/MacroLab-Shock-Simulator/macro1/index.html#route","navegación","archivo y ancla disponibles; visibilidad por comprobar","","","inspección DOM/código; no equivale a clic en navegador"
"macro1/notas/cronica-clase2-chile-2026.html","estático","a[3]","Descargar PDF","cronica-clase2.pdf","https://pavelgomez.github.io/MacroLab-Shock-Simulator/macro1/notas/cronica-clase2.pdf","descarga","archivo local disponible","","","inspección DOM/código; no equivale a clic en navegador"
"macro1/notas/cronica-clase2-chile-2026.html","estático","a[4]","Dónde quedamos","#s1","https://pavelgomez.github.io/MacroLab-Shock-Simulator/macro1/notas/cronica-clase2-chile-2026.html#s1","navegación","archivo y ancla disponibles; visibilidad por comprobar","","","inspección DOM/código; no equivale a clic en navegador"
"macro1/notas/cronica-clase2-chile-2026.html","estático","a[5]","Dos personas honestas midiendo la misma economía","#s2","https://pavelgomez.github.io/MacroLab-Shock-Simulator/macro1/notas/cronica-clase2-chile-2026.html#s2","navegación","archivo y ancla disponibles; visibilidad por comprobar","","","inspección DOM/código; no equivale a clic en navegador"
"macro1/notas/cronica-clase2-chile-2026.html","estático","a[6]","Cómo se construye un índice (y por qué importa la canasta)","#s3","https://pavelgomez.github.io/MacroLab-Shock-Simulator/macro1/notas/cronica-clase2-chile-2026.html#s3","navegación","archivo y ancla disponibles; visibilidad por comprobar","","","inspección DOM/código; no equivale a clic en navegador"
"macro1/notas/cronica-clase2-chile-2026.html","estático","a[7]","Deflactor e IPC: los dos correctos que no coinciden","#s4","https://pavelgomez.github.io/MacroLab-Shock-Simulator/macro1/notas/cronica-clase2-chile-2026.html#s4","navegación","archivo y ancla disponibles; visibilidad por comprobar","","","inspección DOM/código; no equivale a clic en navegador"
"macro1/notas/cronica-clase2-chile-2026.html","estático","a[8]","La contabilidad del reparto: quién absorbió el shock","#s5","https://pavelgomez.github.io/MacroLab-Shock-Simulator/macro1/notas/cronica-clase2-chile-2026.html#s5","navegación","archivo y ancla disponibles; visibilidad por comprobar","","","inspección DOM/código; no equivale a clic en navegador"
"macro1/notas/cronica-clase2-chile-2026.html","estático","a[9]","Anunciar, ejecutar, crecer: tres cosas distintas","#s6","https://pavelgomez.github.io/MacroLab-Shock-Simulator/macro1/notas/cronica-clase2-chile-2026.html#s6","navegación","archivo y ancla disponibles; visibilidad por comprobar","","","inspección DOM/código; no equivale a clic en navegador"
"macro1/notas/cronica-clase2-chile-2026.html","estático","a[10]","La aritmética incómoda del 4-5%","#s7","https://pavelgomez.github.io/MacroLab-Shock-Simulator/macro1/notas/cronica-clase2-chile-2026.html#s7","navegación","archivo y ancla disponibles; visibilidad por comprobar","","","inspección DOM/código; no equivale a clic en navegador"
"macro1/notas/cronica-clase2-chile-2026.html","estático","a[11]","Qué sabe hacer Chile","#s8","https://pavelgomez.github.io/MacroLab-Shock-Simulator/macro1/notas/cronica-clase2-chile-2026.html#s8","navegación","archivo y ancla disponibles; visibilidad por comprobar","","","inspección DOM/código; no equivale a clic en navegador"
"macro1/notas/cronica-clase2-chile-2026.html","estático","a[12]","Lo que haremos en la clase 2","#s9","https://pavelgomez.github.io/MacroLab-Shock-Simulator/macro1/notas/cronica-clase2-chile-2026.html#s9","navegación","archivo y ancla disponibles; visibilidad por comprobar","","","inspección DOM/código; no equivale a clic en navegador"
"macro1/notas/cronica-clase2-chile-2026.html","estático","a[13]","Ver publicación","https://growthlab.hks.harvard.edu/publication/hausmann-hidalgo-economic-complexity/","https://growthlab.hks.harvard.edu/publication/hausmann-hidalgo-economic-complexity/","navegación","externo: pendiente","","","inspección DOM/código; no equivale a clic en navegador"
"macro1/notas/cronica-clase3-chile-2026.html","estático","a[1]","Saltar al contenido","#contenido","https://pavelgomez.github.io/MacroLab-Shock-Simulator/macro1/notas/cronica-clase3-chile-2026.html#contenido","navegación","archivo y ancla disponibles; visibilidad por comprobar","","","inspección DOM/código; no equivale a clic en navegador"
"macro1/notas/cronica-clase3-chile-2026.html","estático","a[2]","Descargar PDF","cronica-clase3.pdf","https://pavelgomez.github.io/MacroLab-Shock-Simulator/macro1/notas/cronica-clase3.pdf","descarga","archivo local disponible","","","inspección DOM/código; no equivale a clic en navegador"
"macro1/notas/cronica-clase3-chile-2026.html","estático","a[3]","← Volver a MacroLab","../index.html#route","https://pavelgomez.github.io/MacroLab-Shock-Simulator/macro1/index.html#route","navegación","archivo y ancla disponibles; visibilidad por comprobar","","","inspección DOM/código; no equivale a clic en navegador"
"macro1/notas/cronica-clase3-chile-2026.html","estático","a[4]","La alarma silenciosa","#s1","https://pavelgomez.github.io/MacroLab-Shock-Simulator/macro1/notas/cronica-clase3-chile-2026.html#s1","navegación","archivo y ancla disponibles; visibilidad por comprobar","","","inspección DOM/código; no equivale a clic en navegador"
"macro1/notas/cronica-clase3-chile-2026.html","estático","a[5]","Planeado no significa realizado","#s2","https://pavelgomez.github.io/MacroLab-Shock-Simulator/macro1/notas/cronica-clase3-chile-2026.html#s2","navegación","archivo y ancla disponibles; visibilidad por comprobar","","","inspección DOM/código; no equivale a clic en navegador"
"macro1/notas/cronica-clase3-chile-2026.html","estático","a[6]","El eco del primer pedido","#s3","https://pavelgomez.github.io/MacroLab-Shock-Simulator/macro1/notas/cronica-clase3-chile-2026.html#s3","navegación","archivo y ancla disponibles; visibilidad por comprobar","","","inspección DOM/código; no equivale a clic en navegador"
"macro1/notas/cronica-clase3-chile-2026.html","estático","a[7]","Identidad, conducta y equilibrio","#s4","https://pavelgomez.github.io/MacroLab-Shock-Simulator/macro1/notas/cronica-clase3-chile-2026.html#s4","navegación","archivo y ancla disponibles; visibilidad por comprobar","","","inspección DOM/código; no equivale a clic en navegador"
"macro1/notas/cronica-clase3-chile-2026.html","estático","a[8]","Lo que llevarás a MacroLab","#s5","https://pavelgomez.github.io/MacroLab-Shock-Simulator/macro1/notas/cronica-clase3-chile-2026.html#s5","navegación","archivo y ancla disponibles; visibilidad por comprobar","","","inspección DOM/código; no equivale a clic en navegador"
"macro1/notas/cronica-clase4-chile-2026.html","estático","a[1]","Saltar al contenido","#contenido","https://pavelgomez.github.io/MacroLab-Shock-Simulator/macro1/notas/cronica-clase4-chile-2026.html#contenido","navegación","archivo y ancla disponibles; visibilidad por comprobar","","","inspección DOM/código; no equivale a clic en navegador"
"macro1/notas/cronica-clase4-chile-2026.html","estático","a[2]","Descargar PDF","cronica-clase4.pdf","https://pavelgomez.github.io/MacroLab-Shock-Simulator/macro1/notas/cronica-clase4.pdf","descarga","archivo local disponible","","","inspección DOM/código; no equivale a clic en navegador"
"macro1/notas/cronica-clase4-chile-2026.html","estático","a[3]","← Volver a MacroLab","../index.html#route","https://pavelgomez.github.io/MacroLab-Shock-Simulator/macro1/index.html#route","navegación","archivo y ancla disponibles; visibilidad por comprobar","","","inspección DOM/código; no equivale a clic en navegador"
"macro1/notas/cronica-clase4-chile-2026.html","estático","a[4]","La pregunta que no tenía mala intención","#s1","https://pavelgomez.github.io/MacroLab-Shock-Simulator/macro1/notas/cronica-clase4-chile-2026.html#s1","navegación","archivo y ancla disponibles; visibilidad por comprobar","","","inspección DOM/código; no equivale a clic en navegador"
"macro1/notas/cronica-clase4-chile-2026.html","estático","a[5]","Dinero que no paga y bonos que sí","#s2","https://pavelgomez.github.io/MacroLab-Shock-Simulator/macro1/notas/cronica-clase4-chile-2026.html#s2","navegación","archivo y ancla disponibles; visibilidad por comprobar","","","inspección DOM/código; no equivale a clic en navegador"
"macro1/notas/cronica-clase4-chile-2026.html","estático","a[6]","Quién pone el precio y quién pone la cantidad","#s3","https://pavelgomez.github.io/MacroLab-Shock-Simulator/macro1/notas/cronica-clase4-chile-2026.html#s3","navegación","archivo y ancla disponibles; visibilidad por comprobar","","","inspección DOM/código; no equivale a clic en navegador"
"macro1/notas/cronica-clase4-chile-2026.html","estático","a[7]","Cómo se mueve la tasa en la práctica: Chile, 2019-2026","#s4","https://pavelgomez.github.io/MacroLab-Shock-Simulator/macro1/notas/cronica-clase4-chile-2026.html#s4","navegación","archivo y ancla disponibles; visibilidad por comprobar","","","inspección DOM/código; no equivale a clic en navegador"
"macro1/notas/cronica-clase4-chile-2026.html","estático","a[8]","La respuesta que Rosa no esperaba","#s5","https://pavelgomez.github.io/MacroLab-Shock-Simulator/macro1/notas/cronica-clase4-chile-2026.html#s5","navegación","archivo y ancla disponibles; visibilidad por comprobar","","","inspección DOM/código; no equivale a clic en navegador"
"macro1/notas/cronica-clase4-chile-2026.html","estático","a[9]","Lo que llevarás a MacroLab, paso a paso","#s6","https://pavelgomez.github.io/MacroLab-Shock-Simulator/macro1/notas/cronica-clase4-chile-2026.html#s6","navegación","archivo y ancla disponibles; visibilidad por comprobar","","","inspección DOM/código; no equivale a clic en navegador"
"macro1/notas/cronica-clase5-chile-2026.html","estático","a[1]","Saltar al contenido","#contenido","https://pavelgomez.github.io/MacroLab-Shock-Simulator/macro1/notas/cronica-clase5-chile-2026.html#contenido","navegación","archivo y ancla disponibles; visibilidad por comprobar","","","inspección DOM/código; no equivale a clic en navegador"
"macro1/notas/cronica-clase5-chile-2026.html","estático","a[2]","Descargar PDF","cronica-clase5.pdf","https://pavelgomez.github.io/MacroLab-Shock-Simulator/macro1/notas/cronica-clase5.pdf","descarga","archivo local disponible","","","inspección DOM/código; no equivale a clic en navegador"
"macro1/notas/cronica-clase5-chile-2026.html","estático","a[3]","← Volver a MacroLab","../index.html#route","https://pavelgomez.github.io/MacroLab-Shock-Simulator/macro1/index.html#route","navegación","archivo y ancla disponibles; visibilidad por comprobar","","","inspección DOM/código; no equivale a clic en navegador"
"macro1/notas/cronica-clase5-chile-2026.html","estático","a[4]","Dos años, una misma decisión","#s1","https://pavelgomez.github.io/MacroLab-Shock-Simulator/macro1/notas/cronica-clase5-chile-2026.html#s1","navegación","archivo y ancla disponibles; visibilidad por comprobar","","","inspección DOM/código; no equivale a clic en navegador"
"macro1/notas/cronica-clase5-chile-2026.html","estático","a[5]","Dos razones para invertir","#s2","https://pavelgomez.github.io/MacroLab-Shock-Simulator/macro1/notas/cronica-clase5-chile-2026.html#s2","navegación","archivo y ancla disponibles; visibilidad por comprobar","","","inspección DOM/código; no equivale a clic en navegador"
"macro1/notas/cronica-clase5-chile-2026.html","estático","a[6]","Cuando el shock no es de tasa","#s3","https://pavelgomez.github.io/MacroLab-Shock-Simulator/macro1/notas/cronica-clase5-chile-2026.html#s3","navegación","archivo y ancla disponibles; visibilidad por comprobar","","","inspección DOM/código; no equivale a clic en navegador"
"macro1/notas/cronica-clase5-chile-2026.html","estático","a[7]","De la cruz a una curva","#s4","https://pavelgomez.github.io/MacroLab-Shock-Simulator/macro1/notas/cronica-clase5-chile-2026.html#s4","navegación","archivo y ancla disponibles; visibilidad por comprobar","","","inspección DOM/código; no equivale a clic en navegador"
"macro1/notas/cronica-clase5-chile-2026.html","estático","a[8]","Lo que llevarás a MacroLab, paso a paso","#s5","https://pavelgomez.github.io/MacroLab-Shock-Simulator/macro1/notas/cronica-clase5-chile-2026.html#s5","navegación","archivo y ancla disponibles; visibilidad por comprobar","","","inspección DOM/código; no equivale a clic en navegador"
"macro1/notas/cronica-clase6-chile-2026.html","estático","a[1]","Saltar al contenido","#contenido","https://pavelgomez.github.io/MacroLab-Shock-Simulator/macro1/notas/cronica-clase6-chile-2026.html#contenido","navegación","archivo y ancla disponibles; visibilidad por comprobar","","","inspección DOM/código; no equivale a clic en navegador"
"macro1/notas/cronica-clase6-chile-2026.html","estático","a[2]","Descargar PDF","cronica-clase6.pdf","https://pavelgomez.github.io/MacroLab-Shock-Simulator/macro1/notas/cronica-clase6.pdf","descarga","archivo local disponible","","","inspección DOM/código; no equivale a clic en navegador"
"macro1/notas/cronica-clase6-chile-2026.html","estático","a[3]","← Volver a MacroLab","../index.html#route","https://pavelgomez.github.io/MacroLab-Shock-Simulator/macro1/index.html#route","navegación","archivo y ancla disponibles; visibilidad por comprobar","","","inspección DOM/código; no equivale a clic en navegador"
"macro1/notas/cronica-clase6-chile-2026.html","estático","a[4]","Dos frases, un solo problema","#s1","https://pavelgomez.github.io/MacroLab-Shock-Simulator/macro1/notas/cronica-clase6-chile-2026.html#s1","navegación","archivo y ancla disponibles; visibilidad por comprobar","","","inspección DOM/código; no equivale a clic en navegador"
"macro1/notas/cronica-clase6-chile-2026.html","estático","a[5]","Un cruce, no dos mercados aparte","#s2","https://pavelgomez.github.io/MacroLab-Shock-Simulator/macro1/notas/cronica-clase6-chile-2026.html#s2","navegación","archivo y ancla disponibles; visibilidad por comprobar","","","inspección DOM/código; no equivale a clic en navegador"
"macro1/notas/cronica-clase6-chile-2026.html","estático","a[6]","Seis años, tres mezclas distintas","#s3","https://pavelgomez.github.io/MacroLab-Shock-Simulator/macro1/notas/cronica-clase6-chile-2026.html#s3","navegación","archivo y ancla disponibles; visibilidad por comprobar","","","inspección DOM/código; no equivale a clic en navegador"
"macro1/notas/cronica-clase6-chile-2026.html","estático","a[7]","Lo que la tabla no puede decir","#s4","https://pavelgomez.github.io/MacroLab-Shock-Simulator/macro1/notas/cronica-clase6-chile-2026.html#s4","navegación","archivo y ancla disponibles; visibilidad por comprobar","","","inspección DOM/código; no equivale a clic en navegador"
"macro1/notas/cronica-clase6-chile-2026.html","estático","a[8]","Lo que llevarás a MacroLab, paso a paso","#s5","https://pavelgomez.github.io/MacroLab-Shock-Simulator/macro1/notas/cronica-clase6-chile-2026.html#s5","navegación","archivo y ancla disponibles; visibilidad por comprobar","","","inspección DOM/código; no equivale a clic en navegador"
"macro1/notas/cronica-clase7-chile-2026.html","estático","a[1]","Saltar al contenido","#contenido","https://pavelgomez.github.io/MacroLab-Shock-Simulator/macro1/notas/cronica-clase7-chile-2026.html#contenido","navegación","archivo y ancla disponibles; visibilidad por comprobar","","","inspección DOM/código; no equivale a clic en navegador"
"macro1/notas/cronica-clase7-chile-2026.html","estático","a[2]","Descargar PDF","cronica-clase7.pdf","https://pavelgomez.github.io/MacroLab-Shock-Simulator/macro1/notas/cronica-clase7.pdf","descarga","archivo local disponible","","","inspección DOM/código; no equivale a clic en navegador"
"macro1/notas/cronica-clase7-chile-2026.html","estático","a[3]","← Volver a MacroLab","../index.html#route","https://pavelgomez.github.io/MacroLab-Shock-Simulator/macro1/index.html#route","navegación","archivo y ancla disponibles; visibilidad por comprobar","","","inspección DOM/código; no equivale a clic en navegador"
"macro1/notas/cronica-clase7-chile-2026.html","estático","a[4]","Dos velocidades, un solo ajuste","#s1","https://pavelgomez.github.io/MacroLab-Shock-Simulator/macro1/notas/cronica-clase7-chile-2026.html#s1","navegación","archivo y ancla disponibles; visibilidad por comprobar","","","inspección DOM/código; no equivale a clic en navegador"
"macro1/notas/cronica-clase7-chile-2026.html","estático","a[5]","Fuera del cruce: dónde está el punto","#s2","https://pavelgomez.github.io/MacroLab-Shock-Simulator/macro1/notas/cronica-clase7-chile-2026.html#s2","navegación","archivo y ancla disponibles; visibilidad por comprobar","","","inspección DOM/código; no equivale a clic en navegador"
"macro1/notas/cronica-clase7-chile-2026.html","estático","a[6]","La ruta: primero la tasa, después la producción","#s3","https://pavelgomez.github.io/MacroLab-Shock-Simulator/macro1/notas/cronica-clase7-chile-2026.html#s3","navegación","archivo y ancla disponibles; visibilidad por comprobar","","","inspección DOM/código; no equivale a clic en navegador"
"macro1/notas/cronica-clase7-chile-2026.html","estático","a[7]","Descomponer la inversión que cambió","#s4","https://pavelgomez.github.io/MacroLab-Shock-Simulator/macro1/notas/cronica-clase7-chile-2026.html#s4","navegación","archivo y ancla disponibles; visibilidad por comprobar","","","inspección DOM/código; no equivale a clic en navegador"
"macro1/notas/cronica-clase7-chile-2026.html","estático","a[8]","Lo que llevarás a MacroLab, paso a paso","#s5","https://pavelgomez.github.io/MacroLab-Shock-Simulator/macro1/notas/cronica-clase7-chile-2026.html#s5","navegación","archivo y ancla disponibles; visibilidad por comprobar","","","inspección DOM/código; no equivale a clic en navegador"
"macro1/notas/ficha-escucha-cpc-clase1.html","estático","a[1]","Saltar al contenido","#contenido","https://pavelgomez.github.io/MacroLab-Shock-Simulator/macro1/notas/ficha-escucha-cpc-clase1.html#contenido","navegación","archivo y ancla disponibles; visibilidad por comprobar","","","inspección DOM/código; no equivale a clic en navegador"
"macro1/notas/ficha-escucha-cpc-clase1.html","estático","a[2]","← Volver al laboratorio","../index.html#route","https://pavelgomez.github.io/MacroLab-Shock-Simulator/macro1/index.html#route","navegación","archivo y ancla disponibles; visibilidad por comprobar","","","inspección DOM/código; no equivale a clic en navegador"
"macro1/notas/ficha-escucha-cpc-clase1.html","estático","a[3]","Descargar PDF","ficha-escucha-cpc.pdf","https://pavelgomez.github.io/MacroLab-Shock-Simulator/macro1/notas/ficha-escucha-cpc.pdf","descarga","archivo local disponible","","","inspección DOM/código; no equivale a clic en navegador"
"macro1/notas/ficha-escucha-cpc-clase1.html","estático","copiar","Copiar plantilla","copiar","control:copiar","acción","control: requiere comprobación de interacción","","","inspección DOM/código; no equivale a clic en navegador"
"macro1/notas/guia-del-curso-2026-2.html","estático","a[1]","Saltar al contenido","#contenido","https://pavelgomez.github.io/MacroLab-Shock-Simulator/macro1/notas/guia-del-curso-2026-2.html#contenido","navegación","archivo y ancla disponibles; visibilidad por comprobar","","","inspección DOM/código; no equivale a clic en navegador"
"macro1/notas/guia-del-curso-2026-2.html","estático","a[2]","← Volver al laboratorio","../index.html#route","https://pavelgomez.github.io/MacroLab-Shock-Simulator/macro1/index.html#route","navegación","archivo y ancla disponibles; visibilidad por comprobar","","","inspección DOM/código; no equivale a clic en navegador"
"macro1/notas/guia-del-curso-2026-2.html","estático","a[3]","Descargar PDF","guia-del-curso-2026-2.pdf","https://pavelgomez.github.io/MacroLab-Shock-Simulator/macro1/notas/guia-del-curso-2026-2.pdf","descarga","archivo local disponible","","","inspección DOM/código; no equivale a clic en navegador"
"macro1/notas/guia-del-curso-2026-2.html","estático","a[4]","Por qué este curso funciona distinto","#s1","https://pavelgomez.github.io/MacroLab-Shock-Simulator/macro1/notas/guia-del-curso-2026-2.html#s1","navegación","archivo y ancla disponibles; visibilidad por comprobar","","","inspección DOM/código; no equivale a clic en navegador"
"macro1/notas/guia-del-curso-2026-2.html","estático","a[5]","Cómo funciona una clase","#s2","https://pavelgomez.github.io/MacroLab-Shock-Simulator/macro1/notas/guia-del-curso-2026-2.html#s2","navegación","archivo y ancla disponibles; visibilidad por comprobar","","","inspección DOM/código; no equivale a clic en navegador"
"macro1/notas/guia-del-curso-2026-2.html","estático","a[6]","Glosario: las palabras que voy a usar","#s3","https://pavelgomez.github.io/MacroLab-Shock-Simulator/macro1/notas/guia-del-curso-2026-2.html#s3","navegación","archivo y ancla disponibles; visibilidad por comprobar","","","inspección DOM/código; no equivale a clic en navegador"
"macro1/notas/guia-del-curso-2026-2.html","estático","a[7]","MacroLab: qué es y qué no es","#s4","https://pavelgomez.github.io/MacroLab-Shock-Simulator/macro1/notas/guia-del-curso-2026-2.html#s4","navegación","archivo y ancla disponibles; visibilidad por comprobar","","","inspección DOM/código; no equivale a clic en navegador"
"macro1/notas/guia-del-curso-2026-2.html","estático","a[8]","Cómo se evalúa el curso","#s5","https://pavelgomez.github.io/MacroLab-Shock-Simulator/macro1/notas/guia-del-curso-2026-2.html#s5","navegación","archivo y ancla disponibles; visibilidad por comprobar","","","inspección DOM/código; no equivale a clic en navegador"
"macro1/notas/guia-del-curso-2026-2.html","estático","a[9]","Controles de preparación","#s6","https://pavelgomez.github.io/MacroLab-Shock-Simulator/macro1/notas/guia-del-curso-2026-2.html#s6","navegación","archivo y ancla disponibles; visibilidad por comprobar","","","inspección DOM/código; no equivale a clic en navegador"
"macro1/notas/guia-del-curso-2026-2.html","estático","a[10]","Brief macroeconómico aplicado","#s7","https://pavelgomez.github.io/MacroLab-Shock-Simulator/macro1/notas/guia-del-curso-2026-2.html#s7","navegación","archivo y ancla disponibles; visibilidad por comprobar","","","inspección DOM/código; no equivale a clic en navegador"
"macro1/notas/guia-del-curso-2026-2.html","estático","a[11]","Inasistencias y eximición","#s8","https://pavelgomez.github.io/MacroLab-Shock-Simulator/macro1/notas/guia-del-curso-2026-2.html#s8","navegación","archivo y ancla disponibles; visibilidad por comprobar","","","inspección DOM/código; no equivale a clic en navegador"
"macro1/notas/guia-del-curso-2026-2.html","estático","a[12]","Bibliografía","#s9","https://pavelgomez.github.io/MacroLab-Shock-Simulator/macro1/notas/guia-del-curso-2026-2.html#s9","navegación","archivo y ancla disponibles; visibilidad por comprobar","","","inspección DOM/código; no equivale a clic en navegador"
"macro1/notas/guia-del-curso-2026-2.html","estático","a[13]","pavelgomez.github.io/MacroLab-Shock-Simulator/macro1","https://pavelgomez.github.io/MacroLab-Shock-Simulator/macro1/#route","https://pavelgomez.github.io/MacroLab-Shock-Simulator/macro1/#route","navegación","archivo y ancla disponibles; visibilidad por comprobar","","","inspección DOM/código; no equivale a clic en navegador"
"macro1/notas/index.html","estático","a[1]","Saltar al contenido","#contenido","https://pavelgomez.github.io/MacroLab-Shock-Simulator/macro1/notas/index.html#contenido","navegación","archivo y ancla disponibles; visibilidad por comprobar","","","inspección DOM/código; no equivale a clic en navegador"
"macro1/notas/index.html","estático","a[2]","← Volver a MacroLab · Macroeconomía I","../index.html","https://pavelgomez.github.io/MacroLab-Shock-Simulator/macro1/index.html","navegación","archivo local disponible","","","inspección DOM/código; no equivale a clic en navegador"
"macro1/notas/index.html","estático","a[3]","Nota de estudio 3 · Medición de la actividad económica","nota-b1-medicion.html","https://pavelgomez.github.io/MacroLab-Shock-Simulator/macro1/notas/nota-b1-medicion.html","navegación","archivo local disponible","","","inspección DOM/código; no equivale a clic en navegador"
"macro1/notas/index.html","estático","a[4]","Leer en línea","nota-b1-medicion.html","https://pavelgomez.github.io/MacroLab-Shock-Simulator/macro1/notas/nota-b1-medicion.html","navegación","archivo local disponible","","","inspección DOM/código; no equivale a clic en navegador"
"macro1/notas/index.html","estático","a[5]","Descargar PDF","Bloque1_alumno.pdf","https://pavelgomez.github.io/MacroLab-Shock-Simulator/macro1/notas/Bloque1_alumno.pdf","descarga","archivo local disponible","","","inspección DOM/código; no equivale a clic en navegador"
"macro1/notas/index.html","estático","a[6]","Nota de estudio 4 · El mercado de bienes","nota-b2-mercado-bienes.html","https://pavelgomez.github.io/MacroLab-Shock-Simulator/macro1/notas/nota-b2-mercado-bienes.html","navegación","archivo local disponible","","","inspección DOM/código; no equivale a clic en navegador"
"macro1/notas/index.html","estático","a[7]","Leer en línea","nota-b2-mercado-bienes.html","https://pavelgomez.github.io/MacroLab-Shock-Simulator/macro1/notas/nota-b2-mercado-bienes.html","navegación","archivo local disponible","","","inspección DOM/código; no equivale a clic en navegador"
"macro1/notas/index.html","estático","a[8]","Descargar PDF","Nota_estudio4_mercado_bienes.pdf","https://pavelgomez.github.io/MacroLab-Shock-Simulator/macro1/notas/Nota_estudio4_mercado_bienes.pdf","descarga","archivo local disponible","","","inspección DOM/código; no equivale a clic en navegador"
"macro1/notas/index.html","estático","a[9]","Nota de estudio 5 · Dinero, bonos y tasa de interés","nota-b3-dinero-alumno.html","https://pavelgomez.github.io/MacroLab-Shock-Simulator/macro1/notas/nota-b3-dinero-alumno.html","navegación","archivo local disponible","","","inspección DOM/código; no equivale a clic en navegador"
"macro1/notas/index.html","estático","a[10]","Leer en línea","nota-b3-dinero-alumno.html","https://pavelgomez.github.io/MacroLab-Shock-Simulator/macro1/notas/nota-b3-dinero-alumno.html","navegación","archivo local disponible","","","inspección DOM/código; no equivale a clic en navegador"
"macro1/notas/index.html","estático","a[11]","Descargar PDF","Nota5_dinero_alumno.pdf","https://pavelgomez.github.io/MacroLab-Shock-Simulator/macro1/notas/Nota5_dinero_alumno.pdf","descarga","archivo local disponible","","","inspección DOM/código; no equivale a clic en navegador"
"macro1/notas/index.html","estático","a[12]","Nota de estudio 6 · Inversión y curva IS","nota-b4a-inversion-is-alumno.html","https://pavelgomez.github.io/MacroLab-Shock-Simulator/macro1/notas/nota-b4a-inversion-is-alumno.html","navegación","archivo local disponible","","","inspección DOM/código; no equivale a clic en navegador"
"macro1/notas/index.html","estático","a[13]","Leer en línea","nota-b4a-inversion-is-alumno.html","https://pavelgomez.github.io/MacroLab-Shock-Simulator/macro1/notas/nota-b4a-inversion-is-alumno.html","navegación","archivo local disponible","","","inspección DOM/código; no equivale a clic en navegador"
"macro1/notas/index.html","estático","a[14]","Descargar PDF","Nota6_inversion_IS_alumno.pdf","https://pavelgomez.github.io/MacroLab-Shock-Simulator/macro1/notas/Nota6_inversion_IS_alumno.pdf","descarga","archivo local disponible","","","inspección DOM/código; no equivale a clic en navegador"
"macro1/notas/index.html","estático","a[15]","Nota de estudio 7 · IS-LM en economía cerrada","nota-b4b-islm-alumno.html","https://pavelgomez.github.io/MacroLab-Shock-Simulator/macro1/notas/nota-b4b-islm-alumno.html","navegación","archivo local disponible","","","inspección DOM/código; no equivale a clic en navegador"
"macro1/notas/index.html","estático","a[16]","Leer en línea","nota-b4b-islm-alumno.html","https://pavelgomez.github.io/MacroLab-Shock-Simulator/macro1/notas/nota-b4b-islm-alumno.html","navegación","archivo local disponible","","","inspección DOM/código; no equivale a clic en navegador"
"macro1/notas/index.html","estático","a[17]","Descargar PDF","Nota7_ISLM_alumno.pdf","https://pavelgomez.github.io/MacroLab-Shock-Simulator/macro1/notas/Nota7_ISLM_alumno.pdf","descarga","archivo local disponible","","","inspección DOM/código; no equivale a clic en navegador"
"macro1/notas/index.html","estático","a[18]","Nota de estudio 8 · Desequilibrios, efecto desplazamiento y efecto acelerador","nota-b4c-desequilibrios-alumno.html","https://pavelgomez.github.io/MacroLab-Shock-Simulator/macro1/notas/nota-b4c-desequilibrios-alumno.html","navegación","archivo local disponible","","","inspección DOM/código; no equivale a clic en navegador"
"macro1/notas/index.html","estático","a[19]","Leer en línea","nota-b4c-desequilibrios-alumno.html","https://pavelgomez.github.io/MacroLab-Shock-Simulator/macro1/notas/nota-b4c-desequilibrios-alumno.html","navegación","archivo local disponible","","","inspección DOM/código; no equivale a clic en navegador"
"macro1/notas/index.html","estático","a[20]","Descargar PDF","Nota8_desequilibrios_alumno.pdf","https://pavelgomez.github.io/MacroLab-Shock-Simulator/macro1/notas/Nota8_desequilibrios_alumno.pdf","descarga","archivo local disponible","","","inspección DOM/código; no equivale a clic en navegador"
"macro1/notas/index.html","estático","a[21]","Guía del curso — Macroeconomía I 2026-2","guia-del-curso-2026-2.html","https://pavelgomez.github.io/MacroLab-Shock-Simulator/macro1/notas/guia-del-curso-2026-2.html","navegación","archivo local disponible","","","inspección DOM/código; no equivale a clic en navegador"
"macro1/notas/index.html","estático","a[22]","Leer en línea","guia-del-curso-2026-2.html","https://pavelgomez.github.io/MacroLab-Shock-Simulator/macro1/notas/guia-del-curso-2026-2.html","navegación","archivo local disponible","","","inspección DOM/código; no equivale a clic en navegador"
"macro1/notas/index.html","estático","a[23]","Descargar PDF","guia-del-curso-2026-2.pdf","https://pavelgomez.github.io/MacroLab-Shock-Simulator/macro1/notas/guia-del-curso-2026-2.pdf","descarga","archivo local disponible","","","inspección DOM/código; no equivale a clic en navegador"
"macro1/notas/index.html","estático","a[24]","Hoja de trabajo — Clase 0","kit-clase0-estudiante.html","https://pavelgomez.github.io/MacroLab-Shock-Simulator/macro1/notas/kit-clase0-estudiante.html","navegación","archivo local disponible","","","inspección DOM/código; no equivale a clic en navegador"
"macro1/notas/index.html","estático","a[25]","Leer en línea","kit-clase0-estudiante.html","https://pavelgomez.github.io/MacroLab-Shock-Simulator/macro1/notas/kit-clase0-estudiante.html","navegación","archivo local disponible","","","inspección DOM/código; no equivale a clic en navegador"
"macro1/notas/index.html","estático","a[26]","Descargar PDF","kit-clase0-estudiante.pdf","https://pavelgomez.github.io/MacroLab-Shock-Simulator/macro1/notas/kit-clase0-estudiante.pdf","descarga","archivo local disponible","","","inspección DOM/código; no equivale a clic en navegador"
"macro1/notas/index.html","estático","a[27]","Crónica de apertura — El barco que no pasó por Ormuz: Chile, primer semestre de 2026","cronica-clase1-chile-2026.html","https://pavelgomez.github.io/MacroLab-Shock-Simulator/macro1/notas/cronica-clase1-chile-2026.html","navegación","archivo local disponible","","","inspección DOM/código; no equivale a clic en navegador"
"macro1/notas/index.html","estático","a[28]","Leer en línea","cronica-clase1-chile-2026.html","https://pavelgomez.github.io/MacroLab-Shock-Simulator/macro1/notas/cronica-clase1-chile-2026.html","navegación","archivo local disponible","","","inspección DOM/código; no equivale a clic en navegador"
"macro1/notas/index.html","estático","a[29]","Descargar PDF","cronica-clase1.pdf","https://pavelgomez.github.io/MacroLab-Shock-Simulator/macro1/notas/cronica-clase1.pdf","descarga","archivo local disponible","","","inspección DOM/código; no equivale a clic en navegador"
"macro1/notas/index.html","estático","a[30]","Crónica — Quién paga la cuenta: medición, propagación del shock y la aritmética del crecimiento","cronica-clase2-chile-2026.html","https://pavelgomez.github.io/MacroLab-Shock-Simulator/macro1/notas/cronica-clase2-chile-2026.html","navegación","archivo local disponible","","","inspección DOM/código; no equivale a clic en navegador"
"macro1/notas/index.html","estático","a[31]","Leer en línea","cronica-clase2-chile-2026.html","https://pavelgomez.github.io/MacroLab-Shock-Simulator/macro1/notas/cronica-clase2-chile-2026.html","navegación","archivo local disponible","","","inspección DOM/código; no equivale a clic en navegador"
"macro1/notas/index.html","estático","a[32]","Descargar PDF","cronica-clase2.pdf","https://pavelgomez.github.io/MacroLab-Shock-Simulator/macro1/notas/cronica-clase2.pdf","descarga","archivo local disponible","","","inspección DOM/código; no equivale a clic en navegador"
"macro1/notas/index.html","estático","a[33]","Crónica — La bodega que habló antes que el gerente","cronica-clase3-chile-2026.html","https://pavelgomez.github.io/MacroLab-Shock-Simulator/macro1/notas/cronica-clase3-chile-2026.html","navegación","archivo local disponible","","","inspección DOM/código; no equivale a clic en navegador"
"macro1/notas/index.html","estático","a[34]","Leer en línea","cronica-clase3-chile-2026.html","https://pavelgomez.github.io/MacroLab-Shock-Simulator/macro1/notas/cronica-clase3-chile-2026.html","navegación","archivo local disponible","","","inspección DOM/código; no equivale a clic en navegador"
"macro1/notas/index.html","estático","a[35]","Descargar PDF","cronica-clase3.pdf","https://pavelgomez.github.io/MacroLab-Shock-Simulator/macro1/notas/cronica-clase3.pdf","descarga","archivo local disponible","","","inspección DOM/código; no equivale a clic en navegador"
"macro1/notas/index.html","estático","a[36]","Crónica — La tasa que Rosa no eligió","cronica-clase4-chile-2026.html","https://pavelgomez.github.io/MacroLab-Shock-Simulator/macro1/notas/cronica-clase4-chile-2026.html","navegación","archivo local disponible","","","inspección DOM/código; no equivale a clic en navegador"
"macro1/notas/index.html","estático","a[37]","Leer en línea","cronica-clase4-chile-2026.html","https://pavelgomez.github.io/MacroLab-Shock-Simulator/macro1/notas/cronica-clase4-chile-2026.html","navegación","archivo local disponible","","","inspección DOM/código; no equivale a clic en navegador"
"macro1/notas/index.html","estático","a[38]","Descargar PDF","cronica-clase4.pdf","https://pavelgomez.github.io/MacroLab-Shock-Simulator/macro1/notas/cronica-clase4.pdf","descarga","archivo local disponible","","","inspección DOM/código; no equivale a clic en navegador"
"macro1/notas/index.html","estático","a[39]","Crónica — El horno que Rosa no habría comprado en 2022","cronica-clase5-chile-2026.html","https://pavelgomez.github.io/MacroLab-Shock-Simulator/macro1/notas/cronica-clase5-chile-2026.html","navegación","archivo local disponible","","","inspección DOM/código; no equivale a clic en navegador"
"macro1/notas/index.html","estático","a[40]","Leer en línea","cronica-clase5-chile-2026.html","https://pavelgomez.github.io/MacroLab-Shock-Simulator/macro1/notas/cronica-clase5-chile-2026.html","navegación","archivo local disponible","","","inspección DOM/código; no equivale a clic en navegador"
"macro1/notas/index.html","estático","a[41]","Descargar PDF","cronica-clase5.pdf","https://pavelgomez.github.io/MacroLab-Shock-Simulator/macro1/notas/cronica-clase5.pdf","descarga","archivo local disponible","","","inspección DOM/código; no equivale a clic en navegador"
"macro1/notas/index.html","estático","a[42]","Crónica — Más caro el crédito y menos ventas: un solo problema","cronica-clase6-chile-2026.html","https://pavelgomez.github.io/MacroLab-Shock-Simulator/macro1/notas/cronica-clase6-chile-2026.html","navegación","archivo local disponible","","","inspección DOM/código; no equivale a clic en navegador"
"macro1/notas/index.html","estático","a[43]","Leer en línea","cronica-clase6-chile-2026.html","https://pavelgomez.github.io/MacroLab-Shock-Simulator/macro1/notas/cronica-clase6-chile-2026.html","navegación","archivo local disponible","","","inspección DOM/código; no equivale a clic en navegador"
"macro1/notas/index.html","estático","a[44]","Descargar PDF","cronica-clase6.pdf","https://pavelgomez.github.io/MacroLab-Shock-Simulator/macro1/notas/cronica-clase6.pdf","descarga","archivo local disponible","","","inspección DOM/código; no equivale a clic en navegador"
"macro1/notas/index.html","estático","a[45]","Crónica — La bodega y el banco: quién se entera primero","cronica-clase7-chile-2026.html","https://pavelgomez.github.io/MacroLab-Shock-Simulator/macro1/notas/cronica-clase7-chile-2026.html","navegación","archivo local disponible","","","inspección DOM/código; no equivale a clic en navegador"
"macro1/notas/index.html","estático","a[46]","Leer en línea","cronica-clase7-chile-2026.html","https://pavelgomez.github.io/MacroLab-Shock-Simulator/macro1/notas/cronica-clase7-chile-2026.html","navegación","archivo local disponible","","","inspección DOM/código; no equivale a clic en navegador"
"macro1/notas/index.html","estático","a[47]","Descargar PDF","cronica-clase7.pdf","https://pavelgomez.github.io/MacroLab-Shock-Simulator/macro1/notas/cronica-clase7.pdf","descarga","archivo local disponible","","","inspección DOM/código; no equivale a clic en navegador"
"macro1/notas/index.html","estático","a[48]","Guía de escucha — Diálogos para el Desarrollo (charla CPC, bloque 2 de la Clase 1)","ficha-escucha-cpc-clase1.html","https://pavelgomez.github.io/MacroLab-Shock-Simulator/macro1/notas/ficha-escucha-cpc-clase1.html","navegación","archivo local disponible","","","inspección DOM/código; no equivale a clic en navegador"
"macro1/notas/index.html","estático","a[49]","Leer en línea","ficha-escucha-cpc-clase1.html","https://pavelgomez.github.io/MacroLab-Shock-Simulator/macro1/notas/ficha-escucha-cpc-clase1.html","navegación","archivo local disponible","","","inspección DOM/código; no equivale a clic en navegador"
"macro1/notas/index.html","estático","a[50]","Descargar PDF","ficha-escucha-cpc.pdf","https://pavelgomez.github.io/MacroLab-Shock-Simulator/macro1/notas/ficha-escucha-cpc.pdf","descarga","archivo local disponible","","","inspección DOM/código; no equivale a clic en navegador"
"macro1/notas/index.html","estático","a[51]","Nota de estudio 1 · Introducción a la macroeconomía","nota-01-introduccion.html","https://pavelgomez.github.io/MacroLab-Shock-Simulator/macro1/notas/nota-01-introduccion.html","navegación","archivo local disponible","","","inspección DOM/código; no equivale a clic en navegador"
"macro1/notas/index.html","estático","a[52]","Leer en línea","nota-01-introduccion.html","https://pavelgomez.github.io/MacroLab-Shock-Simulator/macro1/notas/nota-01-introduccion.html","navegación","archivo local disponible","","","inspección DOM/código; no equivale a clic en navegador"
"macro1/notas/index.html","estático","a[53]","Descargar PDF","nota-01-introduccion.pdf","https://pavelgomez.github.io/MacroLab-Shock-Simulator/macro1/notas/nota-01-introduccion.pdf","descarga","archivo local disponible","","","inspección DOM/código; no equivale a clic en navegador"
"macro1/notas/index.html","estático","a[54]","Nota de estudio 2 · Fuentes de datos macroeconómicos","nota-02-fuentes-datos.html","https://pavelgomez.github.io/MacroLab-Shock-Simulator/macro1/notas/nota-02-fuentes-datos.html","navegación","archivo local disponible","","","inspección DOM/código; no equivale a clic en navegador"
"macro1/notas/index.html","estático","a[55]","Leer en línea","nota-02-fuentes-datos.html","https://pavelgomez.github.io/MacroLab-Shock-Simulator/macro1/notas/nota-02-fuentes-datos.html","navegación","archivo local disponible","","","inspección DOM/código; no equivale a clic en navegador"
"macro1/notas/index.html","estático","a[56]","Descargar PDF","nota-02-fuentes-datos.pdf","https://pavelgomez.github.io/MacroLab-Shock-Simulator/macro1/notas/nota-02-fuentes-datos.pdf","descarga","archivo local disponible","","","inspección DOM/código; no equivale a clic en navegador"
"macro1/notas/index.html","estático","a[57]","Pauta · Ayudantía de transición · mercado de bienes","pautas/pauta-ayudantia-transicion-bienes.pdf","https://pavelgomez.github.io/MacroLab-Shock-Simulator/macro1/notas/pautas/pauta-ayudantia-transicion-bienes.pdf","navegación","archivo local disponible","","","inspección DOM/código; no equivale a clic en navegador"
"macro1/notas/index.html","estático","a[58]","Descargar PDF","pautas/pauta-ayudantia-transicion-bienes.pdf","https://pavelgomez.github.io/MacroLab-Shock-Simulator/macro1/notas/pautas/pauta-ayudantia-transicion-bienes.pdf","descarga","archivo local disponible","","","inspección DOM/código; no equivale a clic en navegador"
"macro1/notas/index.html","estático","a[59]","Enunciado","ayudantias/ayudantia-transicion-bienes.pdf","https://pavelgomez.github.io/MacroLab-Shock-Simulator/macro1/notas/ayudantias/ayudantia-transicion-bienes.pdf","navegación","archivo local disponible","","","inspección DOM/código; no equivale a clic en navegador"
"macro1/notas/index.html","estático","a[60]","Descargar PDF","ayudantias/ayudantia-transicion-bienes.pdf","https://pavelgomez.github.io/MacroLab-Shock-Simulator/macro1/notas/ayudantias/ayudantia-transicion-bienes.pdf","descarga","archivo local disponible","","","inspección DOM/código; no equivale a clic en navegador"
"macro1/notas/index.html","estático","a[61]","Pauta · Clase 4 · Dinero, bonos y tasa","pautas/pauta-clase4-dinero-bonos-tasa.pdf","https://pavelgomez.github.io/MacroLab-Shock-Simulator/macro1/notas/pautas/pauta-clase4-dinero-bonos-tasa.pdf","navegación","archivo local disponible","","","inspección DOM/código; no equivale a clic en navegador"
"macro1/notas/index.html","estático","a[62]","Descargar PDF","pautas/pauta-clase4-dinero-bonos-tasa.pdf","https://pavelgomez.github.io/MacroLab-Shock-Simulator/macro1/notas/pautas/pauta-clase4-dinero-bonos-tasa.pdf","descarga","archivo local disponible","","","inspección DOM/código; no equivale a clic en navegador"
"macro1/notas/index.html","estático","a[63]","Enunciado","ayudantias/ayudantia-clase4-dinero-bonos-tasa.pdf","https://pavelgomez.github.io/MacroLab-Shock-Simulator/macro1/notas/ayudantias/ayudantia-clase4-dinero-bonos-tasa.pdf","navegación","archivo local disponible","","","inspección DOM/código; no equivale a clic en navegador"
"macro1/notas/index.html","estático","a[64]","Descargar PDF","ayudantias/ayudantia-clase4-dinero-bonos-tasa.pdf","https://pavelgomez.github.io/MacroLab-Shock-Simulator/macro1/notas/ayudantias/ayudantia-clase4-dinero-bonos-tasa.pdf","descarga","archivo local disponible","","","inspección DOM/código; no equivale a clic en navegador"
"macro1/notas/index.html","estático","a[65]","Pauta · Clase 5 · Inversión y curva IS","pautas/pauta-clase5-inversion-is.pdf","https://pavelgomez.github.io/MacroLab-Shock-Simulator/macro1/notas/pautas/pauta-clase5-inversion-is.pdf","navegación","archivo local disponible","","","inspección DOM/código; no equivale a clic en navegador"
"macro1/notas/index.html","estático","a[66]","Descargar PDF","pautas/pauta-clase5-inversion-is.pdf","https://pavelgomez.github.io/MacroLab-Shock-Simulator/macro1/notas/pautas/pauta-clase5-inversion-is.pdf","descarga","archivo local disponible","","","inspección DOM/código; no equivale a clic en navegador"
"macro1/notas/index.html","estático","a[67]","Enunciado","ayudantias/ayudantia-clase5-inversion-is.pdf","https://pavelgomez.github.io/MacroLab-Shock-Simulator/macro1/notas/ayudantias/ayudantia-clase5-inversion-is.pdf","navegación","archivo local disponible","","","inspección DOM/código; no equivale a clic en navegador"
"macro1/notas/index.html","estático","a[68]","Descargar PDF","ayudantias/ayudantia-clase5-inversion-is.pdf","https://pavelgomez.github.io/MacroLab-Shock-Simulator/macro1/notas/ayudantias/ayudantia-clase5-inversion-is.pdf","descarga","archivo local disponible","","","inspección DOM/código; no equivale a clic en navegador"
"macro1/notas/index.html","estático","a[69]","Pauta · Clase 6 · IS-LM en economía cerrada","pautas/pauta-clase6-islm.pdf","https://pavelgomez.github.io/MacroLab-Shock-Simulator/macro1/notas/pautas/pauta-clase6-islm.pdf","navegación","archivo local disponible","","","inspección DOM/código; no equivale a clic en navegador"
"macro1/notas/index.html","estático","a[70]","Descargar PDF","pautas/pauta-clase6-islm.pdf","https://pavelgomez.github.io/MacroLab-Shock-Simulator/macro1/notas/pautas/pauta-clase6-islm.pdf","descarga","archivo local disponible","","","inspección DOM/código; no equivale a clic en navegador"
"macro1/notas/index.html","estático","a[71]","Enunciado","ayudantias/ayudantia-clase6-islm.pdf","https://pavelgomez.github.io/MacroLab-Shock-Simulator/macro1/notas/ayudantias/ayudantia-clase6-islm.pdf","navegación","archivo local disponible","","","inspección DOM/código; no equivale a clic en navegador"
"macro1/notas/index.html","estático","a[72]","Descargar PDF","ayudantias/ayudantia-clase6-islm.pdf","https://pavelgomez.github.io/MacroLab-Shock-Simulator/macro1/notas/ayudantias/ayudantia-clase6-islm.pdf","descarga","archivo local disponible","","","inspección DOM/código; no equivale a clic en navegador"
"macro1/notas/index.html","estático","a[73]","Pauta · Clase 7 · Desequilibrios, efecto desplazamiento y efecto acelerador","pautas/pauta-clase7-desequilibrios.pdf","https://pavelgomez.github.io/MacroLab-Shock-Simulator/macro1/notas/pautas/pauta-clase7-desequilibrios.pdf","navegación","archivo local disponible","","","inspección DOM/código; no equivale a clic en navegador"
"macro1/notas/index.html","estático","a[74]","Descargar PDF","pautas/pauta-clase7-desequilibrios.pdf","https://pavelgomez.github.io/MacroLab-Shock-Simulator/macro1/notas/pautas/pauta-clase7-desequilibrios.pdf","descarga","archivo local disponible","","","inspección DOM/código; no equivale a clic en navegador"
"macro1/notas/index.html","estático","a[75]","Enunciado","ayudantias/ayudantia-clase7-desequilibrios.pdf","https://pavelgomez.github.io/MacroLab-Shock-Simulator/macro1/notas/ayudantias/ayudantia-clase7-desequilibrios.pdf","navegación","archivo local disponible","","","inspección DOM/código; no equivale a clic en navegador"
"macro1/notas/index.html","estático","a[76]","Descargar PDF","ayudantias/ayudantia-clase7-desequilibrios.pdf","https://pavelgomez.github.io/MacroLab-Shock-Simulator/macro1/notas/ayudantias/ayudantia-clase7-desequilibrios.pdf","descarga","archivo local disponible","","","inspección DOM/código; no equivale a clic en navegador"
"macro1/notas/index.html","estático","a[77]","Pauta · Ayudantía de consolidación IS-LM (sección 72744)","pautas/pauta-consolidacion-islm-72744.pdf","https://pavelgomez.github.io/MacroLab-Shock-Simulator/macro1/notas/pautas/pauta-consolidacion-islm-72744.pdf","navegación","archivo local disponible","","","inspección DOM/código; no equivale a clic en navegador"
"macro1/notas/index.html","estático","a[78]","Descargar PDF","pautas/pauta-consolidacion-islm-72744.pdf","https://pavelgomez.github.io/MacroLab-Shock-Simulator/macro1/notas/pautas/pauta-consolidacion-islm-72744.pdf","descarga","archivo local disponible","","","inspección DOM/código; no equivale a clic en navegador"
"macro1/notas/index.html","estático","a[79]","Enunciado","ayudantias/ayudantia-consolidacion-islm-72744.pdf","https://pavelgomez.github.io/MacroLab-Shock-Simulator/macro1/notas/ayudantias/ayudantia-consolidacion-islm-72744.pdf","navegación","archivo local disponible","","","inspección DOM/código; no equivale a clic en navegador"
"macro1/notas/index.html","estático","a[80]","Descargar PDF","ayudantias/ayudantia-consolidacion-islm-72744.pdf","https://pavelgomez.github.io/MacroLab-Shock-Simulator/macro1/notas/ayudantias/ayudantia-consolidacion-islm-72744.pdf","descarga","archivo local disponible","","","inspección DOM/código; no equivale a clic en navegador"
"macro1/notas/index.html","estático","a[81]","Pauta · Sesión de refuerzo gráfico y simulacro (sección 72745)","pautas/pauta-refuerzo-simulacro-72745.pdf","https://pavelgomez.github.io/MacroLab-Shock-Simulator/macro1/notas/pautas/pauta-refuerzo-simulacro-72745.pdf","navegación","archivo local disponible","","","inspección DOM/código; no equivale a clic en navegador"
"macro1/notas/index.html","estático","a[82]","Descargar PDF","pautas/pauta-refuerzo-simulacro-72745.pdf","https://pavelgomez.github.io/MacroLab-Shock-Simulator/macro1/notas/pautas/pauta-refuerzo-simulacro-72745.pdf","descarga","archivo local disponible","","","inspección DOM/código; no equivale a clic en navegador"
"macro1/notas/index.html","estático","a[83]","Enunciado","ayudantias/ayudantia-refuerzo-simulacro-72745.pdf","https://pavelgomez.github.io/MacroLab-Shock-Simulator/macro1/notas/ayudantias/ayudantia-refuerzo-simulacro-72745.pdf","navegación","archivo local disponible","","","inspección DOM/código; no equivale a clic en navegador"
"macro1/notas/index.html","estático","a[84]","Descargar PDF","ayudantias/ayudantia-refuerzo-simulacro-72745.pdf","https://pavelgomez.github.io/MacroLab-Shock-Simulator/macro1/notas/ayudantias/ayudantia-refuerzo-simulacro-72745.pdf","descarga","archivo local disponible","","","inspección DOM/código; no equivale a clic en navegador"
"macro1/notas/index.html","estático","a[85]","Material histórico 2025 · Demanda agregada y equilibrio","nota-05-demanda-agregada.html","https://pavelgomez.github.io/MacroLab-Shock-Simulator/macro1/notas/nota-05-demanda-agregada.html","navegación","archivo local disponible","","","inspección DOM/código; no equivale a clic en navegador"
"macro1/notas/index.html","estático","a[86]","Leer en línea","nota-05-demanda-agregada.html","https://pavelgomez.github.io/MacroLab-Shock-Simulator/macro1/notas/nota-05-demanda-agregada.html","navegación","archivo local disponible","","","inspección DOM/código; no equivale a clic en navegador"
"macro1/notas/index.html","estático","a[87]","Descargar PDF","nota-05-demanda-agregada.pdf","https://pavelgomez.github.io/MacroLab-Shock-Simulator/macro1/notas/nota-05-demanda-agregada.pdf","descarga","archivo local disponible","","","inspección DOM/código; no equivale a clic en navegador"
"macro1/notas/index.html","estático","a[88]","Nota de estudio 4 · El mercado de bienes","nota-b2-mercado-bienes.html","https://pavelgomez.github.io/MacroLab-Shock-Simulator/macro1/notas/nota-b2-mercado-bienes.html","navegación","archivo local disponible","","","inspección DOM/código; no equivale a clic en navegador"
"macro1/notas/index.html","estático","a[89]","Leer en línea","nota-b2-mercado-bienes.html","https://pavelgomez.github.io/MacroLab-Shock-Simulator/macro1/notas/nota-b2-mercado-bienes.html","navegación","archivo local disponible","","","inspección DOM/código; no equivale a clic en navegador"
"macro1/notas/index.html","estático","a[90]","Descargar PDF","Nota_estudio4_mercado_bienes.pdf","https://pavelgomez.github.io/MacroLab-Shock-Simulator/macro1/notas/Nota_estudio4_mercado_bienes.pdf","descarga","archivo local disponible","","","inspección DOM/código; no equivale a clic en navegador"
"macro1/notas/index.html","estático","a[91]","Material histórico 2025 · Dinero, bonos, demanda y oferta de dinero","nota-06-mercado-dinero.html","https://pavelgomez.github.io/MacroLab-Shock-Simulator/macro1/notas/nota-06-mercado-dinero.html","navegación","archivo local disponible","","","inspección DOM/código; no equivale a clic en navegador"
"macro1/notas/index.html","estático","a[92]","Leer en línea","nota-06-mercado-dinero.html","https://pavelgomez.github.io/MacroLab-Shock-Simulator/macro1/notas/nota-06-mercado-dinero.html","navegación","archivo local disponible","","","inspección DOM/código; no equivale a clic en navegador"
"macro1/notas/index.html","estático","a[93]","Descargar PDF","nota-06-mercado-dinero.pdf","https://pavelgomez.github.io/MacroLab-Shock-Simulator/macro1/notas/nota-06-mercado-dinero.pdf","descarga","archivo local disponible","","","inspección DOM/código; no equivale a clic en navegador"
"macro1/notas/index.html","estático","a[94]","Nota de estudio 5 · Dinero, bonos y tasa de interés","nota-b3-dinero-alumno.html","https://pavelgomez.github.io/MacroLab-Shock-Simulator/macro1/notas/nota-b3-dinero-alumno.html","navegación","archivo local disponible","","","inspección DOM/código; no equivale a clic en navegador"
"macro1/notas/index.html","estático","a[95]","Leer en línea","nota-b3-dinero-alumno.html","https://pavelgomez.github.io/MacroLab-Shock-Simulator/macro1/notas/nota-b3-dinero-alumno.html","navegación","archivo local disponible","","","inspección DOM/código; no equivale a clic en navegador"
"macro1/notas/index.html","estático","a[96]","Descargar PDF","Nota5_dinero_alumno.pdf","https://pavelgomez.github.io/MacroLab-Shock-Simulator/macro1/notas/Nota5_dinero_alumno.pdf","descarga","archivo local disponible","","","inspección DOM/código; no equivale a clic en navegador"
"macro1/notas/index.html","estático","a[97]","Versión anterior · Medición del PIB","nota-03-medicion-pib.html","https://pavelgomez.github.io/MacroLab-Shock-Simulator/macro1/notas/nota-03-medicion-pib.html","navegación","archivo local disponible","","","inspección DOM/código; no equivale a clic en navegador"
"macro1/notas/index.html","estático","a[98]","Leer en línea","nota-03-medicion-pib.html","https://pavelgomez.github.io/MacroLab-Shock-Simulator/macro1/notas/nota-03-medicion-pib.html","navegación","archivo local disponible","","","inspección DOM/código; no equivale a clic en navegador"
"macro1/notas/index.html","estático","a[99]","Descargar PDF","nota-03-medicion-pib.pdf","https://pavelgomez.github.io/MacroLab-Shock-Simulator/macro1/notas/nota-03-medicion-pib.pdf","descarga","archivo local disponible","","","inspección DOM/código; no equivale a clic en navegador"
"macro1/notas/index.html","estático","a[100]","Nota de estudio 3 · Medición de la actividad económica","nota-b1-medicion.html","https://pavelgomez.github.io/MacroLab-Shock-Simulator/macro1/notas/nota-b1-medicion.html","navegación","archivo local disponible","","","inspección DOM/código; no equivale a clic en navegador"
"macro1/notas/index.html","estático","a[101]","Leer en línea","nota-b1-medicion.html","https://pavelgomez.github.io/MacroLab-Shock-Simulator/macro1/notas/nota-b1-medicion.html","navegación","archivo local disponible","","","inspección DOM/código; no equivale a clic en navegador"
"macro1/notas/index.html","estático","a[102]","Descargar PDF","Bloque1_alumno.pdf","https://pavelgomez.github.io/MacroLab-Shock-Simulator/macro1/notas/Bloque1_alumno.pdf","descarga","archivo local disponible","","","inspección DOM/código; no equivale a clic en navegador"
"macro1/notas/index.html","estático","a[103]","Versión anterior · Medición de la inflación","nota-04-medicion-inflacion.html","https://pavelgomez.github.io/MacroLab-Shock-Simulator/macro1/notas/nota-04-medicion-inflacion.html","navegación","archivo local disponible","","","inspección DOM/código; no equivale a clic en navegador"
"macro1/notas/index.html","estático","a[104]","Leer en línea","nota-04-medicion-inflacion.html","https://pavelgomez.github.io/MacroLab-Shock-Simulator/macro1/notas/nota-04-medicion-inflacion.html","navegación","archivo local disponible","","","inspección DOM/código; no equivale a clic en navegador"
"macro1/notas/index.html","estático","a[105]","Descargar PDF","nota-04-medicion-inflacion.pdf","https://pavelgomez.github.io/MacroLab-Shock-Simulator/macro1/notas/nota-04-medicion-inflacion.pdf","descarga","archivo local disponible","","","inspección DOM/código; no equivale a clic en navegador"
"macro1/notas/index.html","estático","a[106]","Nota de estudio 3 · Medición de la actividad económica","nota-b1-medicion.html","https://pavelgomez.github.io/MacroLab-Shock-Simulator/macro1/notas/nota-b1-medicion.html","navegación","archivo local disponible","","","inspección DOM/código; no equivale a clic en navegador"
"macro1/notas/index.html","estático","a[107]","Leer en línea","nota-b1-medicion.html","https://pavelgomez.github.io/MacroLab-Shock-Simulator/macro1/notas/nota-b1-medicion.html","navegación","archivo local disponible","","","inspección DOM/código; no equivale a clic en navegador"
"macro1/notas/index.html","estático","a[108]","Descargar PDF","Bloque1_alumno.pdf","https://pavelgomez.github.io/MacroLab-Shock-Simulator/macro1/notas/Bloque1_alumno.pdf","descarga","archivo local disponible","","","inspección DOM/código; no equivale a clic en navegador"
"macro1/notas/kit-clase0-estudiante.html","estático","a[1]","Saltar al contenido","#contenido","https://pavelgomez.github.io/MacroLab-Shock-Simulator/macro1/notas/kit-clase0-estudiante.html#contenido","navegación","archivo y ancla disponibles; visibilidad por comprobar","","","inspección DOM/código; no equivale a clic en navegador"
"macro1/notas/kit-clase0-estudiante.html","estático","a[2]","← Volver al laboratorio","../index.html#route","https://pavelgomez.github.io/MacroLab-Shock-Simulator/macro1/index.html#route","navegación","archivo y ancla disponibles; visibilidad por comprobar","","","inspección DOM/código; no equivale a clic en navegador"
"macro1/notas/kit-clase0-estudiante.html","estático","a[3]","Descargar PDF","kit-clase0-estudiante.pdf","https://pavelgomez.github.io/MacroLab-Shock-Simulator/macro1/notas/kit-clase0-estudiante.pdf","descarga","archivo local disponible","","","inspección DOM/código; no equivale a clic en navegador"
"macro1/notas/nota-01-introduccion.html","estático","a[1]","Saltar al contenido","#contenido","https://pavelgomez.github.io/MacroLab-Shock-Simulator/macro1/notas/nota-01-introduccion.html#contenido","navegación","archivo y ancla disponibles; visibilidad por comprobar","","","inspección DOM/código; no equivale a clic en navegador"
"macro1/notas/nota-01-introduccion.html","estático","a[2]","← Volver al laboratorio","../index.html#route","https://pavelgomez.github.io/MacroLab-Shock-Simulator/macro1/index.html#route","navegación","archivo y ancla disponibles; visibilidad por comprobar","","","inspección DOM/código; no equivale a clic en navegador"
"macro1/notas/nota-01-introduccion.html","estático","a[3]","Descargar PDF","nota-01-introduccion.pdf","https://pavelgomez.github.io/MacroLab-Shock-Simulator/macro1/notas/nota-01-introduccion.pdf","descarga","archivo local disponible","","","inspección DOM/código; no equivale a clic en navegador"
"macro1/notas/nota-01-introduccion.html","estático","a[4]","1. Introducción: Crisis y Recuperación en la Vida de los Hermanos González","#1-introduccion-crisis-y-recuperacion-en-la-vida-de-los-herma","https://pavelgomez.github.io/MacroLab-Shock-Simulator/macro1/notas/nota-01-introduccion.html#1-introduccion-crisis-y-recuperacion-en-la-vida-de-los-herma","navegación","archivo y ancla disponibles; visibilidad por comprobar","","","inspección DOM/código; no equivale a clic en navegador"
"macro1/notas/nota-01-introduccion.html","estático","a[5]","2. ¿Qué Estudia la Macroeconomía?","#2-que-estudia-la-macroeconomia","https://pavelgomez.github.io/MacroLab-Shock-Simulator/macro1/notas/nota-01-introduccion.html#2-que-estudia-la-macroeconomia","navegación","archivo y ancla disponibles; visibilidad por comprobar","","","inspección DOM/código; no equivale a clic en navegador"
"macro1/notas/nota-01-introduccion.html","estático","a[6]","2.1. Cómo leer una cifra antes de explicarla","#2-1-como-leer-una-cifra","https://pavelgomez.github.io/MacroLab-Shock-Simulator/macro1/notas/nota-01-introduccion.html#2-1-como-leer-una-cifra","navegación","archivo y ancla disponibles; visibilidad por comprobar","","","inspección DOM/código; no equivale a clic en navegador"
"macro1/notas/nota-01-introduccion.html","estático","a[7]","El pasaporte del dato","#2-1-1-pasaporte-dato","https://pavelgomez.github.io/MacroLab-Shock-Simulator/macro1/notas/nota-01-introduccion.html#2-1-1-pasaporte-dato","navegación","archivo y ancla disponibles; visibilidad por comprobar","","","inspección DOM/código; no equivale a clic en navegador"
"macro1/notas/nota-01-introduccion.html","estático","a[8]","Flujo y stock: período o fecha","#2-1-2-flujo-stock","https://pavelgomez.github.io/MacroLab-Shock-Simulator/macro1/notas/nota-01-introduccion.html#2-1-2-flujo-stock","navegación","archivo y ancla disponibles; visibilidad por comprobar","","","inspección DOM/código; no equivale a clic en navegador"
"macro1/notas/nota-01-introduccion.html","estático","a[9]","3. Variables Clave en Macroeconomía","#3-variables-clave-en-macroeconomia","https://pavelgomez.github.io/MacroLab-Shock-Simulator/macro1/notas/nota-01-introduccion.html#3-variables-clave-en-macroeconomia","navegación","archivo y ancla disponibles; visibilidad por comprobar","","","inspección DOM/código; no equivale a clic en navegador"
"macro1/notas/nota-01-introduccion.html","estático","a[10]","3.1. Producto Interno Bruto (PIB)","#31-producto-interno-bruto-pib","https://pavelgomez.github.io/MacroLab-Shock-Simulator/macro1/notas/nota-01-introduccion.html#31-producto-interno-bruto-pib","navegación","archivo y ancla disponibles; visibilidad por comprobar","","","inspección DOM/código; no equivale a clic en navegador"
"macro1/notas/nota-01-introduccion.html","estático","a[11]","3.2. Inflación","#32-inflacion","https://pavelgomez.github.io/MacroLab-Shock-Simulator/macro1/notas/nota-01-introduccion.html#32-inflacion","navegación","archivo y ancla disponibles; visibilidad por comprobar","","","inspección DOM/código; no equivale a clic en navegador"
"macro1/notas/nota-01-introduccion.html","estático","a[12]","3.3. Desempleo","#33-desempleo","https://pavelgomez.github.io/MacroLab-Shock-Simulator/macro1/notas/nota-01-introduccion.html#33-desempleo","navegación","archivo y ancla disponibles; visibilidad por comprobar","","","inspección DOM/código; no equivale a clic en navegador"
"macro1/notas/nota-01-introduccion.html","estático","a[13]","3.4. El saldo en cuenta corriente: superávits y déficits","#34-el-saldo-en-cuenta-corriente-superavits-y-deficits","https://pavelgomez.github.io/MacroLab-Shock-Simulator/macro1/notas/nota-01-introduccion.html#34-el-saldo-en-cuenta-corriente-superavits-y-deficits","navegación","archivo y ancla disponibles; visibilidad por comprobar","","","inspección DOM/código; no equivale a clic en navegador"
"macro1/notas/nota-01-introduccion.html","estático","a[14]","3.5. Los aranceles de Estados Unidos de 2025 y sus efectos sobre Chile","#35-los-aranceles-de-estados-unidos-de-2025-y-sus-efectos-sob","https://pavelgomez.github.io/MacroLab-Shock-Simulator/macro1/notas/nota-01-introduccion.html#35-los-aranceles-de-estados-unidos-de-2025-y-sus-efectos-sob","navegación","archivo y ancla disponibles; visibilidad por comprobar","","","inspección DOM/código; no equivale a clic en navegador"
"macro1/notas/nota-01-introduccion.html","estático","a[15]","4. Políticas Macroeconómicas: Respuestas a la Crisis del estallido + COVID-19","#4-politicas-macroeconomicas-respuestas-a-la-crisis-del-estal","https://pavelgomez.github.io/MacroLab-Shock-Simulator/macro1/notas/nota-01-introduccion.html#4-politicas-macroeconomicas-respuestas-a-la-crisis-del-estal","navegación","archivo y ancla disponibles; visibilidad por comprobar","","","inspección DOM/código; no equivale a clic en navegador"
"macro1/notas/nota-01-introduccion.html","estático","a[16]","4.1. Política Fiscal","#41-politica-fiscal","https://pavelgomez.github.io/MacroLab-Shock-Simulator/macro1/notas/nota-01-introduccion.html#41-politica-fiscal","navegación","archivo y ancla disponibles; visibilidad por comprobar","","","inspección DOM/código; no equivale a clic en navegador"
"macro1/notas/nota-01-introduccion.html","estático","a[17]","4.2. Política Monetaria","#42-politica-monetaria","https://pavelgomez.github.io/MacroLab-Shock-Simulator/macro1/notas/nota-01-introduccion.html#42-politica-monetaria","navegación","archivo y ancla disponibles; visibilidad por comprobar","","","inspección DOM/código; no equivale a clic en navegador"
"macro1/notas/nota-01-introduccion.html","estático","a[18]","5. Reflexión Final","#5-reflexion-final","https://pavelgomez.github.io/MacroLab-Shock-Simulator/macro1/notas/nota-01-introduccion.html#5-reflexion-final","navegación","archivo y ancla disponibles; visibilidad por comprobar","","","inspección DOM/código; no equivale a clic en navegador"
"macro1/notas/nota-02-fuentes-datos.html","estático","a[1]","Saltar al contenido","#contenido","https://pavelgomez.github.io/MacroLab-Shock-Simulator/macro1/notas/nota-02-fuentes-datos.html#contenido","navegación","archivo y ancla disponibles; visibilidad por comprobar","","","inspección DOM/código; no equivale a clic en navegador"
"macro1/notas/nota-02-fuentes-datos.html","estático","a[2]","← Volver al laboratorio","../index.html#route","https://pavelgomez.github.io/MacroLab-Shock-Simulator/macro1/index.html#route","navegación","archivo y ancla disponibles; visibilidad por comprobar","","","inspección DOM/código; no equivale a clic en navegador"
"macro1/notas/nota-02-fuentes-datos.html","estático","a[3]","Descargar PDF","nota-02-fuentes-datos.pdf","https://pavelgomez.github.io/MacroLab-Shock-Simulator/macro1/notas/nota-02-fuentes-datos.pdf","descarga","archivo local disponible","","","inspección DOM/código; no equivale a clic en navegador"
"macro1/notas/nota-02-fuentes-datos.html","estático","a[4]","Importancia de la Medición Macroeconómica","#importancia-de-la-medicion-macroeconomica","https://pavelgomez.github.io/MacroLab-Shock-Simulator/macro1/notas/nota-02-fuentes-datos.html#importancia-de-la-medicion-macroeconomica","navegación","archivo y ancla disponibles; visibilidad por comprobar","","","inspección DOM/código; no equivale a clic en navegador"
"macro1/notas/nota-02-fuentes-datos.html","estático","a[5]","Principales variables macroeconómicas y su medición","#principales-variables-macroeconomicas-y-su-medicion","https://pavelgomez.github.io/MacroLab-Shock-Simulator/macro1/notas/nota-02-fuentes-datos.html#principales-variables-macroeconomicas-y-su-medicion","navegación","archivo y ancla disponibles; visibilidad por comprobar","","","inspección DOM/código; no equivale a clic en navegador"
"macro1/notas/nota-02-fuentes-datos.html","estático","a[6]","Fuentes de datos macroeconómicos","#fuentes-de-datos-macroeconomicos","https://pavelgomez.github.io/MacroLab-Shock-Simulator/macro1/notas/nota-02-fuentes-datos.html#fuentes-de-datos-macroeconomicos","navegación","archivo y ancla disponibles; visibilidad por comprobar","","","inspección DOM/código; no equivale a clic en navegador"
"macro1/notas/nota-02-fuentes-datos.html","estático","a[7]","I. El Banco Central de Chile y su Plataforma de Información Económica","#i-el-banco-central-de-chile-y-su-plataforma-de-informacion-e","https://pavelgomez.github.io/MacroLab-Shock-Simulator/macro1/notas/nota-02-fuentes-datos.html#i-el-banco-central-de-chile-y-su-plataforma-de-informacion-e","navegación","archivo y ancla disponibles; visibilidad por comprobar","","","inspección DOM/código; no equivale a clic en navegador"
"macro1/notas/nota-02-fuentes-datos.html","estático","a[8]","1. Introducción","#1-introduccion","https://pavelgomez.github.io/MacroLab-Shock-Simulator/macro1/notas/nota-02-fuentes-datos.html#1-introduccion","navegación","archivo y ancla disponibles; visibilidad por comprobar","","","inspección DOM/código; no equivale a clic en navegador"
"macro1/notas/nota-02-fuentes-datos.html","estático","a[9]","2. Navegación en la Página Web del Banco Central de Chile","#2-navegacion-en-la-pagina-web-del-banco-central-de-chile","https://pavelgomez.github.io/MacroLab-Shock-Simulator/macro1/notas/nota-02-fuentes-datos.html#2-navegacion-en-la-pagina-web-del-banco-central-de-chile","navegación","archivo y ancla disponibles; visibilidad por comprobar","","","inspección DOM/código; no equivale a clic en navegador"
"macro1/notas/nota-02-fuentes-datos.html","estático","a[10]","3. Base de Datos Estadísticos del Banco Central de Chile","#3-base-de-datos-estadisticos-del-banco-central-de-chile","https://pavelgomez.github.io/MacroLab-Shock-Simulator/macro1/notas/nota-02-fuentes-datos.html#3-base-de-datos-estadisticos-del-banco-central-de-chile","navegación","archivo y ancla disponibles; visibilidad por comprobar","","","inspección DOM/código; no equivale a clic en navegador"
"macro1/notas/nota-02-fuentes-datos.html","estático","a[11]","4. Cómo Descargar Datos en Formato Excel","#4-como-descargar-datos-en-formato-excel","https://pavelgomez.github.io/MacroLab-Shock-Simulator/macro1/notas/nota-02-fuentes-datos.html#4-como-descargar-datos-en-formato-excel","navegación","archivo y ancla disponibles; visibilidad por comprobar","","","inspección DOM/código; no equivale a clic en navegador"
"macro1/notas/nota-02-fuentes-datos.html","estático","a[12]","II. Plataforma del Instituto Nacional de Estadísticas de Chile (INE)","#ii-plataforma-del-instituto-nacional-de-estadisticas-de-chil","https://pavelgomez.github.io/MacroLab-Shock-Simulator/macro1/notas/nota-02-fuentes-datos.html#ii-plataforma-del-instituto-nacional-de-estadisticas-de-chil","navegación","archivo y ancla disponibles; visibilidad por comprobar","","","inspección DOM/código; no equivale a clic en navegador"
"macro1/notas/nota-02-fuentes-datos.html","estático","a[13]","1. Introducción al INE y su Rol en la Economía Chilena","#1-introduccion-al-ine-y-su-rol-en-la-economia-chilena","https://pavelgomez.github.io/MacroLab-Shock-Simulator/macro1/notas/nota-02-fuentes-datos.html#1-introduccion-al-ine-y-su-rol-en-la-economia-chilena","navegación","archivo y ancla disponibles; visibilidad por comprobar","","","inspección DOM/código; no equivale a clic en navegador"
"macro1/notas/nota-02-fuentes-datos.html","estático","a[14]","2. Guía de Navegación en la Página Web del INE","#2-guia-de-navegacion-en-la-pagina-web-del-ine","https://pavelgomez.github.io/MacroLab-Shock-Simulator/macro1/notas/nota-02-fuentes-datos.html#2-guia-de-navegacion-en-la-pagina-web-del-ine","navegación","archivo y ancla disponibles; visibilidad por comprobar","","","inspección DOM/código; no equivale a clic en navegador"
"macro1/notas/nota-02-fuentes-datos.html","estático","a[15]","3. Publicaciones Periódicas Clave del INE","#3-publicaciones-periodicas-clave-del-ine","https://pavelgomez.github.io/MacroLab-Shock-Simulator/macro1/notas/nota-02-fuentes-datos.html#3-publicaciones-periodicas-clave-del-ine","navegación","archivo y ancla disponibles; visibilidad por comprobar","","","inspección DOM/código; no equivale a clic en navegador"
"macro1/notas/nota-02-fuentes-datos.html","estático","a[16]","4. Acceso a Datos en la Pestaña ""Estadísticas""","#4-acceso-a-datos-en-la-pestana-estadisticas","https://pavelgomez.github.io/MacroLab-Shock-Simulator/macro1/notas/nota-02-fuentes-datos.html#4-acceso-a-datos-en-la-pestana-estadisticas","navegación","archivo y ancla disponibles; visibilidad por comprobar","","","inspección DOM/código; no equivale a clic en navegador"
"macro1/notas/nota-02-fuentes-datos.html","estático","a[17]","5. Cómo Descargar Datos en Formato Excel","#5-como-descargar-datos-en-formato-excel","https://pavelgomez.github.io/MacroLab-Shock-Simulator/macro1/notas/nota-02-fuentes-datos.html#5-como-descargar-datos-en-formato-excel","navegación","archivo y ancla disponibles; visibilidad por comprobar","","","inspección DOM/código; no equivale a clic en navegador"
"macro1/notas/nota-02-fuentes-datos.html","estático","a[18]","6. Cómo Organizar los Datos en Excel","#6-como-organizar-los-datos-en-excel","https://pavelgomez.github.io/MacroLab-Shock-Simulator/macro1/notas/nota-02-fuentes-datos.html#6-como-organizar-los-datos-en-excel","navegación","archivo y ancla disponibles; visibilidad por comprobar","","","inspección DOM/código; no equivale a clic en navegador"
"macro1/notas/nota-02-fuentes-datos.html","estático","a[19]","III. La Base de Datos del Banco Mundial","#iii-la-base-de-datos-del-banco-mundial","https://pavelgomez.github.io/MacroLab-Shock-Simulator/macro1/notas/nota-02-fuentes-datos.html#iii-la-base-de-datos-del-banco-mundial","navegación","archivo y ancla disponibles; visibilidad por comprobar","","","inspección DOM/código; no equivale a clic en navegador"
"macro1/notas/nota-02-fuentes-datos.html","estático","a[20]","1. ¿Qué tipo de información se encuentra en World Bank Data?","#1-que-tipo-de-informacion-se-encuentra-en-world-bank-data","https://pavelgomez.github.io/MacroLab-Shock-Simulator/macro1/notas/nota-02-fuentes-datos.html#1-que-tipo-de-informacion-se-encuentra-en-world-bank-data","navegación","archivo y ancla disponibles; visibilidad por comprobar","","","inspección DOM/código; no equivale a clic en navegador"
"macro1/notas/nota-02-fuentes-datos.html","estático","a[21]","2. Organización de los Datos en World Bank Data","#2-organizacion-de-los-datos-en-world-bank-data","https://pavelgomez.github.io/MacroLab-Shock-Simulator/macro1/notas/nota-02-fuentes-datos.html#2-organizacion-de-los-datos-en-world-bank-data","navegación","archivo y ancla disponibles; visibilidad por comprobar","","","inspección DOM/código; no equivale a clic en navegador"
"macro1/notas/nota-02-fuentes-datos.html","estático","a[22]","3. Comparabilidad de los Datos y Consideraciones Importantes","#3-comparabilidad-de-los-datos-y-consideraciones-importantes","https://pavelgomez.github.io/MacroLab-Shock-Simulator/macro1/notas/nota-02-fuentes-datos.html#3-comparabilidad-de-los-datos-y-consideraciones-importantes","navegación","archivo y ancla disponibles; visibilidad por comprobar","","","inspección DOM/código; no equivale a clic en navegador"
"macro1/notas/nota-02-fuentes-datos.html","estático","a[23]","4. Cómo Descargar Datos en Formato Excel desde World Bank Data","#4-como-descargar-datos-en-formato-excel-desde-world-bank-dat","https://pavelgomez.github.io/MacroLab-Shock-Simulator/macro1/notas/nota-02-fuentes-datos.html#4-como-descargar-datos-en-formato-excel-desde-world-bank-dat","navegación","archivo y ancla disponibles; visibilidad por comprobar","","","inspección DOM/código; no equivale a clic en navegador"
"macro1/notas/nota-02-fuentes-datos.html","estático","a[24]","5. Organización de los Datos en Excel","#5-organizacion-de-los-datos-en-excel","https://pavelgomez.github.io/MacroLab-Shock-Simulator/macro1/notas/nota-02-fuentes-datos.html#5-organizacion-de-los-datos-en-excel","navegación","archivo y ancla disponibles; visibilidad por comprobar","","","inspección DOM/código; no equivale a clic en navegador"
"macro1/notas/nota-02-fuentes-datos.html","estático","a[25]","https://data.worldbank.org","https://data.worldbank.org","https://data.worldbank.org/","navegación","externo: pendiente","","","inspección DOM/código; no equivale a clic en navegador"
"macro1/notas/nota-02-fuentes-datos.html","estático","a[26]","www.bcentral.cl","https://www.bcentral.cl","https://www.bcentral.cl/","navegación","externo: pendiente","","","inspección DOM/código; no equivale a clic en navegador"
"macro1/notas/nota-02-fuentes-datos.html","estático","a[27]","Acceder a la Base de Datos Estadísticos","https://si3.bcentral.cl/siete","https://si3.bcentral.cl/siete","navegación","externo: pendiente","","","inspección DOM/código; no equivale a clic en navegador"
"macro1/notas/nota-02-fuentes-datos.html","estático","a[28]","https://si3.bcentral.cl/","https://si3.bcentral.cl/","https://si3.bcentral.cl/","navegación","externo: pendiente","","","inspección DOM/código; no equivale a clic en navegador"
"macro1/notas/nota-02-fuentes-datos.html","estático","a[29]","https://www.ine.cl","https://www.ine.cl","https://www.ine.cl/","navegación","externo: pendiente","","","inspección DOM/código; no equivale a clic en navegador"
"macro1/notas/nota-02-fuentes-datos.html","estático","a[30]","https://www.ine.cl","https://www.ine.cl","https://www.ine.cl/","navegación","externo: pendiente","","","inspección DOM/código; no equivale a clic en navegador"
"macro1/notas/nota-02-fuentes-datos.html","estático","a[31]","https://data.worldbank.org","https://data.worldbank.org","https://data.worldbank.org/","navegación","externo: pendiente","","","inspección DOM/código; no equivale a clic en navegador"
"macro1/notas/nota-02-fuentes-datos.html","estático","a[32]","https://data.worldbank.org/country/chile","https://data.worldbank.org/country/chile","https://data.worldbank.org/country/chile","navegación","externo: pendiente","","","inspección DOM/código; no equivale a clic en navegador"
"macro1/notas/nota-02-fuentes-datos.html","estático","a[33]","https://data.worldbank.org/indicator/NY.GDP.PCAP.PP.KD","https://data.worldbank.org/indicator/NY.GDP.PCAP.PP.KD","https://data.worldbank.org/indicator/NY.GDP.PCAP.PP.KD","navegación","externo: pendiente","","","inspección DOM/código; no equivale a clic en navegador"
"macro1/notas/nota-02-fuentes-datos.html","estático","a[34]","https://data.worldbank.org/topic/economy-and-growth","https://data.worldbank.org/topic/economy-and-growth","https://data.worldbank.org/topic/economy-and-growth","navegación","externo: pendiente","","","inspección DOM/código; no equivale a clic en navegador"
"macro1/notas/nota-02-fuentes-datos.html","estático","a[35]","https://data.worldbank.org","https://data.worldbank.org","https://data.worldbank.org/","navegación","externo: pendiente","","","inspección DOM/código; no equivale a clic en navegador"
"macro1/notas/nota-02-fuentes-datos.html","estático","a[36]","https://data.worldbank.org/indicator","https://data.worldbank.org/indicator","https://data.worldbank.org/indicator","navegación","externo: pendiente","","","inspección DOM/código; no equivale a clic en navegador"
"macro1/notas/nota-03-medicion-pib.html","estático","a[1]","Saltar al contenido","#contenido","https://pavelgomez.github.io/MacroLab-Shock-Simulator/macro1/notas/nota-03-medicion-pib.html#contenido","navegación","archivo y ancla disponibles; visibilidad por comprobar","","","inspección DOM/código; no equivale a clic en navegador"
"macro1/notas/nota-03-medicion-pib.html","estático","a[2]","← Volver al laboratorio","../index.html#route","https://pavelgomez.github.io/MacroLab-Shock-Simulator/macro1/index.html#route","navegación","archivo y ancla disponibles; visibilidad por comprobar","","","inspección DOM/código; no equivale a clic en navegador"
"macro1/notas/nota-03-medicion-pib.html","estático","a[3]","Descargar PDF","nota-03-medicion-pib.pdf","https://pavelgomez.github.io/MacroLab-Shock-Simulator/macro1/notas/nota-03-medicion-pib.pdf","descarga","archivo local disponible","","","inspección DOM/código; no equivale a clic en navegador"
"macro1/notas/nota-03-medicion-pib.html","estático","a[4]","1. Definición y Componentes del PIB","#1-definicion-y-componentes-del-pib","https://pavelgomez.github.io/MacroLab-Shock-Simulator/macro1/notas/nota-03-medicion-pib.html#1-definicion-y-componentes-del-pib","navegación","archivo y ancla disponibles; visibilidad por comprobar","","","inspección DOM/código; no equivale a clic en navegador"
"macro1/notas/nota-03-medicion-pib.html","estático","a[5]","1.1. El PIB Nominal vs. el PIB Real","#1-1-el-pib-nominal-vs-el-pib-real","https://pavelgomez.github.io/MacroLab-Shock-Simulator/macro1/notas/nota-03-medicion-pib.html#1-1-el-pib-nominal-vs-el-pib-real","navegación","archivo y ancla disponibles; visibilidad por comprobar","","","inspección DOM/código; no equivale a clic en navegador"
"macro1/notas/nota-03-medicion-pib.html","estático","a[6]","1.2. El PIB como suma de gastos: (PIB = C + I + G + X - M)","#1-2-el-pib-como-suma-de-gastos-pib-c-i-g-x-m","https://pavelgomez.github.io/MacroLab-Shock-Simulator/macro1/notas/nota-03-medicion-pib.html#1-2-el-pib-como-suma-de-gastos-pib-c-i-g-x-m","navegación","archivo y ancla disponibles; visibilidad por comprobar","","","inspección DOM/código; no equivale a clic en navegador"
"macro1/notas/nota-03-medicion-pib.html","estático","a[7]","1.3. El PIB como suma de valores agregados","#1-3-el-pib-como-suma-de-valores-agregados","https://pavelgomez.github.io/MacroLab-Shock-Simulator/macro1/notas/nota-03-medicion-pib.html#1-3-el-pib-como-suma-de-valores-agregados","navegación","archivo y ancla disponibles; visibilidad por comprobar","","","inspección DOM/código; no equivale a clic en navegador"
"macro1/notas/nota-03-medicion-pib.html","estático","a[8]","1.4. El PIB como suma de los ingresos (método del ingreso)","#1-4-el-pib-como-suma-de-los-ingresos-metodo-del-ingreso","https://pavelgomez.github.io/MacroLab-Shock-Simulator/macro1/notas/nota-03-medicion-pib.html#1-4-el-pib-como-suma-de-los-ingresos-metodo-del-ingreso","navegación","archivo y ancla disponibles; visibilidad por comprobar","","","inspección DOM/código; no equivale a clic en navegador"
"macro1/notas/nota-03-medicion-pib.html","estático","a[9]","2. Del PIB al Producto Nacional Bruto (PNB)","#2-del-pib-al-producto-nacional-bruto-pnb","https://pavelgomez.github.io/MacroLab-Shock-Simulator/macro1/notas/nota-03-medicion-pib.html#2-del-pib-al-producto-nacional-bruto-pnb","navegación","archivo y ancla disponibles; visibilidad por comprobar","","","inspección DOM/código; no equivale a clic en navegador"
"macro1/notas/nota-03-medicion-pib.html","estático","a[10]","3. El PIB como Indicador de Bienestar","#3-el-pib-como-indicador-de-bienestar","https://pavelgomez.github.io/MacroLab-Shock-Simulator/macro1/notas/nota-03-medicion-pib.html#3-el-pib-como-indicador-de-bienestar","navegación","archivo y ancla disponibles; visibilidad por comprobar","","","inspección DOM/código; no equivale a clic en navegador"
"macro1/notas/nota-03-medicion-pib.html","estático","a[11]","4. Variación Interanual del PIB Real (o “Crecimiento”): Concepto y Ejemplos con Datos de Chile","#4-variacion-interanual-del-pib-real-o-crecimiento-concep","https://pavelgomez.github.io/MacroLab-Shock-Simulator/macro1/notas/nota-03-medicion-pib.html#4-variacion-interanual-del-pib-real-o-crecimiento-concep","navegación","archivo y ancla disponibles; visibilidad por comprobar","","","inspección DOM/código; no equivale a clic en navegador"
"macro1/notas/nota-03-medicion-pib.html","estático","a[12]","4.1. ¿Qué es la variación interanual del PIB real?","#4-1-que-es-la-variacion-interanual-del-pib-real","https://pavelgomez.github.io/MacroLab-Shock-Simulator/macro1/notas/nota-03-medicion-pib.html#4-1-que-es-la-variacion-interanual-del-pib-real","navegación","archivo y ancla disponibles; visibilidad por comprobar","","","inspección DOM/código; no equivale a clic en navegador"
"macro1/notas/nota-03-medicion-pib.html","estático","a[13]","4.2. Ventajas de medir la variación interanual","#4-2-ventajas-de-medir-la-variacion-interanual","https://pavelgomez.github.io/MacroLab-Shock-Simulator/macro1/notas/nota-03-medicion-pib.html#4-2-ventajas-de-medir-la-variacion-interanual","navegación","archivo y ancla disponibles; visibilidad por comprobar","","","inspección DOM/código; no equivale a clic en navegador"
"macro1/notas/nota-03-medicion-pib.html","estático","a[14]","4.3. Aplicación Práctica en Chile","#4-3-aplicacion-practica-en-chile","https://pavelgomez.github.io/MacroLab-Shock-Simulator/macro1/notas/nota-03-medicion-pib.html#4-3-aplicacion-practica-en-chile","navegación","archivo y ancla disponibles; visibilidad por comprobar","","","inspección DOM/código; no equivale a clic en navegador"
"macro1/notas/nota-03-medicion-pib.html","estático","a[15]","Banco Central de Chile, Boletín Estadístico del 7 de abril de 2026, cuadro 2.28","https://si3.bcentral.cl/estadisticas/Principal1/enlaces/informes/BOLETIN/pdf/BE20260407.pdf","https://si3.bcentral.cl/estadisticas/Principal1/enlaces/informes/BOLETIN/pdf/BE20260407.pdf","navegación","externo: pendiente","","","inspección DOM/código; no equivale a clic en navegador"
"macro1/notas/nota-03-medicion-pib.html","estático","a[16]","World Happiness Report 2025","https://www.worldhappiness.report/ed/2025/","https://www.worldhappiness.report/ed/2025/","navegación","externo: pendiente","","","inspección DOM/código; no equivale a clic en navegador"
"macro1/notas/nota-03-medicion-pib.html","estático","a[17]","panel de datos descargable","https://data.worldhappiness.report/map","https://data.worldhappiness.report/map","navegación","externo: pendiente","","","inspección DOM/código; no equivale a clic en navegador"
"macro1/notas/nota-03-medicion-pib.html","estático","a[18]","Banco Mundial","https://data.worldbank.org/indicator/NY.GDP.PCAP.PP.CD","https://data.worldbank.org/indicator/NY.GDP.PCAP.PP.CD","navegación","externo: pendiente","","","inspección DOM/código; no equivale a clic en navegador"
"macro1/notas/nota-04-medicion-inflacion.html","estático","a[1]","Saltar al contenido","#contenido","https://pavelgomez.github.io/MacroLab-Shock-Simulator/macro1/notas/nota-04-medicion-inflacion.html#contenido","navegación","archivo y ancla disponibles; visibilidad por comprobar","","","inspección DOM/código; no equivale a clic en navegador"
"macro1/notas/nota-04-medicion-inflacion.html","estático","a[2]","← Volver al laboratorio","../index.html#route","https://pavelgomez.github.io/MacroLab-Shock-Simulator/macro1/index.html#route","navegación","archivo y ancla disponibles; visibilidad por comprobar","","","inspección DOM/código; no equivale a clic en navegador"
"macro1/notas/nota-04-medicion-inflacion.html","estático","a[3]","Descargar PDF","nota-04-medicion-inflacion.pdf","https://pavelgomez.github.io/MacroLab-Shock-Simulator/macro1/notas/nota-04-medicion-inflacion.pdf","descarga","archivo local disponible","","","inspección DOM/código; no equivale a clic en navegador"
"macro1/notas/nota-04-medicion-inflacion.html","estático","a[4]","1. Importancia de Medir el Nivel de Precios en la Economía","#1-importancia-de-medir-el-nivel-de-precios-en-la-economi","https://pavelgomez.github.io/MacroLab-Shock-Simulator/macro1/notas/nota-04-medicion-inflacion.html#1-importancia-de-medir-el-nivel-de-precios-en-la-economi","navegación","archivo y ancla disponibles; visibilidad por comprobar","","","inspección DOM/código; no equivale a clic en navegador"
"macro1/notas/nota-04-medicion-inflacion.html","estático","a[5]","2. Medición del Nivel de Precios: Canasta e IPC","#2-medicion-del-nivel-de-precios-canasta-e-ipc","https://pavelgomez.github.io/MacroLab-Shock-Simulator/macro1/notas/nota-04-medicion-inflacion.html#2-medicion-del-nivel-de-precios-canasta-e-ipc","navegación","archivo y ancla disponibles; visibilidad por comprobar","","","inspección DOM/código; no equivale a clic en navegador"
"macro1/notas/nota-04-medicion-inflacion.html","estático","a[6]","La Canasta del IPC","#la-canasta-del-ipc","https://pavelgomez.github.io/MacroLab-Shock-Simulator/macro1/notas/nota-04-medicion-inflacion.html#la-canasta-del-ipc","navegación","archivo y ancla disponibles; visibilidad por comprobar","","","inspección DOM/código; no equivale a clic en navegador"
"macro1/notas/nota-04-medicion-inflacion.html","estático","a[7]","Divisiones del IPC","#divisiones-del-ipc","https://pavelgomez.github.io/MacroLab-Shock-Simulator/macro1/notas/nota-04-medicion-inflacion.html#divisiones-del-ipc","navegación","archivo y ancla disponibles; visibilidad por comprobar","","","inspección DOM/código; no equivale a clic en navegador"
"macro1/notas/nota-04-medicion-inflacion.html","estático","a[8]","3. Cálculo de la Inflación a partir del IPC","#3-calculo-de-la-inflacion-a-partir-del-ipc","https://pavelgomez.github.io/MacroLab-Shock-Simulator/macro1/notas/nota-04-medicion-inflacion.html#3-calculo-de-la-inflacion-a-partir-del-ipc","navegación","archivo y ancla disponibles; visibilidad por comprobar","","","inspección DOM/código; no equivale a clic en navegador"
"macro1/notas/nota-04-medicion-inflacion.html","estático","a[9]","4. Otra medida de Inflación: Basada en el Deflactor del PIB","#4-otra-medida-de-inflacion-basada-en-el-deflactor-del-pi","https://pavelgomez.github.io/MacroLab-Shock-Simulator/macro1/notas/nota-04-medicion-inflacion.html#4-otra-medida-de-inflacion-basada-en-el-deflactor-del-pi","navegación","archivo y ancla disponibles; visibilidad por comprobar","","","inspección DOM/código; no equivale a clic en navegador"
"macro1/notas/nota-04-medicion-inflacion.html","estático","a[10]","5. Ejemplo Ilustrativo de Medición de Inflación.","#5-ejemplo-ilustrativo-de-medicion-de-inflacion","https://pavelgomez.github.io/MacroLab-Shock-Simulator/macro1/notas/nota-04-medicion-inflacion.html#5-ejemplo-ilustrativo-de-medicion-de-inflacion","navegación","archivo y ancla disponibles; visibilidad por comprobar","","","inspección DOM/código; no equivale a clic en navegador"
"macro1/notas/nota-04-medicion-inflacion.html","estático","a[11]","Paso 1: Valor de la canasta en cada año","#paso-1-valor-de-la-canasta-en-cada-ano","https://pavelgomez.github.io/MacroLab-Shock-Simulator/macro1/notas/nota-04-medicion-inflacion.html#paso-1-valor-de-la-canasta-en-cada-ano","navegación","archivo y ancla disponibles; visibilidad por comprobar","","","inspección DOM/código; no equivale a clic en navegador"
"macro1/notas/nota-04-medicion-inflacion.html","estático","a[12]","Paso 2: Cálculo del IPC","#paso-2-calculo-del-ipc","https://pavelgomez.github.io/MacroLab-Shock-Simulator/macro1/notas/nota-04-medicion-inflacion.html#paso-2-calculo-del-ipc","navegación","archivo y ancla disponibles; visibilidad por comprobar","","","inspección DOM/código; no equivale a clic en navegador"
"macro1/notas/nota-04-medicion-inflacion.html","estático","a[13]","Paso 3: Inflación","#paso-3-inflacion","https://pavelgomez.github.io/MacroLab-Shock-Simulator/macro1/notas/nota-04-medicion-inflacion.html#paso-3-inflacion","navegación","archivo y ancla disponibles; visibilidad por comprobar","","","inspección DOM/código; no equivale a clic en navegador"
"macro1/notas/nota-04-medicion-inflacion.html","estático","a[14]","Conclusión","#conclusion","https://pavelgomez.github.io/MacroLab-Shock-Simulator/macro1/notas/nota-04-medicion-inflacion.html#conclusion","navegación","archivo y ancla disponibles; visibilidad por comprobar","","","inspección DOM/código; no equivale a clic en navegador"
"macro1/notas/nota-05-demanda-agregada.html","estático","a[1]","Saltar al contenido","#contenido","https://pavelgomez.github.io/MacroLab-Shock-Simulator/macro1/notas/nota-05-demanda-agregada.html#contenido","navegación","archivo y ancla disponibles; visibilidad por comprobar","","","inspección DOM/código; no equivale a clic en navegador"
"macro1/notas/nota-05-demanda-agregada.html","estático","a[2]","← Volver al laboratorio","../index.html#route","https://pavelgomez.github.io/MacroLab-Shock-Simulator/macro1/index.html#route","navegación","archivo y ancla disponibles; visibilidad por comprobar","","","inspección DOM/código; no equivale a clic en navegador"
"macro1/notas/nota-05-demanda-agregada.html","estático","a[3]","Descargar PDF","nota-05-demanda-agregada.pdf","https://pavelgomez.github.io/MacroLab-Shock-Simulator/macro1/notas/nota-05-demanda-agregada.pdf","descarga","archivo local disponible","","","inspección DOM/código; no equivale a clic en navegador"
"macro1/notas/nota-05-demanda-agregada.html","estático","a[4]","Nota de estudio 4 · El mercado de bienes","nota-b2-mercado-bienes.html","https://pavelgomez.github.io/MacroLab-Shock-Simulator/macro1/notas/nota-b2-mercado-bienes.html","navegación","archivo local disponible","","","inspección DOM/código; no equivale a clic en navegador"
"macro1/notas/nota-05-demanda-agregada.html","estático","a[5]","1. Demanda Agregada: Componentes y Descripción Detallada","#1-demanda-agregada-componentes-y-descripcion-detallada","https://pavelgomez.github.io/MacroLab-Shock-Simulator/macro1/notas/nota-05-demanda-agregada.html#1-demanda-agregada-componentes-y-descripcion-detallada","navegación","archivo y ancla disponibles; visibilidad por comprobar","","","inspección DOM/código; no equivale a clic en navegador"
"macro1/notas/nota-05-demanda-agregada.html","estático","a[6]","a. Consumo (C)","#a-consumo-c","https://pavelgomez.github.io/MacroLab-Shock-Simulator/macro1/notas/nota-05-demanda-agregada.html#a-consumo-c","navegación","archivo y ancla disponibles; visibilidad por comprobar","","","inspección DOM/código; no equivale a clic en navegador"
"macro1/notas/nota-05-demanda-agregada.html","estático","a[7]","b. Inversión (I)","#b-inversion-i","https://pavelgomez.github.io/MacroLab-Shock-Simulator/macro1/notas/nota-05-demanda-agregada.html#b-inversion-i","navegación","archivo y ancla disponibles; visibilidad por comprobar","","","inspección DOM/código; no equivale a clic en navegador"
"macro1/notas/nota-05-demanda-agregada.html","estático","a[8]","c. Gasto Público (G)","#c-gasto-publico-g","https://pavelgomez.github.io/MacroLab-Shock-Simulator/macro1/notas/nota-05-demanda-agregada.html#c-gasto-publico-g","navegación","archivo y ancla disponibles; visibilidad por comprobar","","","inspección DOM/código; no equivale a clic en navegador"
"macro1/notas/nota-05-demanda-agregada.html","estático","a[9]","d. Exportaciones Netas (X - M)","#d-exportaciones-netas-x-m","https://pavelgomez.github.io/MacroLab-Shock-Simulator/macro1/notas/nota-05-demanda-agregada.html#d-exportaciones-netas-x-m","navegación","archivo y ancla disponibles; visibilidad por comprobar","","","inspección DOM/código; no equivale a clic en navegador"
"macro1/notas/nota-05-demanda-agregada.html","estático","a[10]","Economía Cerrada: Simplificación del Análisis","#economia-cerrada-simplificacion-del-analisis","https://pavelgomez.github.io/MacroLab-Shock-Simulator/macro1/notas/nota-05-demanda-agregada.html#economia-cerrada-simplificacion-del-analisis","navegación","archivo y ancla disponibles; visibilidad por comprobar","","","inspección DOM/código; no equivale a clic en navegador"
"macro1/notas/nota-05-demanda-agregada.html","estático","a[11]","2. Ecuación de Conducta de los Consumidores","#2-ecuacion-de-conducta-de-los-consumidores","https://pavelgomez.github.io/MacroLab-Shock-Simulator/macro1/notas/nota-05-demanda-agregada.html#2-ecuacion-de-conducta-de-los-consumidores","navegación","archivo y ancla disponibles; visibilidad por comprobar","","","inspección DOM/código; no equivale a clic en navegador"
"macro1/notas/nota-05-demanda-agregada.html","estático","a[12]","3. Interpretación de Cambios en c0 y c1","#3-interpretacion-de-cambios-en-c0-y-c1","https://pavelgomez.github.io/MacroLab-Shock-Simulator/macro1/notas/nota-05-demanda-agregada.html#3-interpretacion-de-cambios-en-c0-y-c1","navegación","archivo y ancla disponibles; visibilidad por comprobar","","","inspección DOM/código; no equivale a clic en navegador"
"macro1/notas/nota-05-demanda-agregada.html","estático","a[13]","4. Gráfica de la Función de Consumo","#4-grafica-de-la-funcion-de-consumo","https://pavelgomez.github.io/MacroLab-Shock-Simulator/macro1/notas/nota-05-demanda-agregada.html#4-grafica-de-la-funcion-de-consumo","navegación","archivo y ancla disponibles; visibilidad por comprobar","","","inspección DOM/código; no equivale a clic en navegador"
"macro1/notas/nota-05-demanda-agregada.html","estático","a[14]","Caso1: c0 aumenta a 200","#caso1-c0-aumenta-a-200","https://pavelgomez.github.io/MacroLab-Shock-Simulator/macro1/notas/nota-05-demanda-agregada.html#caso1-c0-aumenta-a-200","navegación","archivo y ancla disponibles; visibilidad por comprobar","","","inspección DOM/código; no equivale a clic en navegador"
"macro1/notas/nota-05-demanda-agregada.html","estático","a[15]","Caso2: c1 baja a 0,6","#caso2-c1-baja-a-0-6","https://pavelgomez.github.io/MacroLab-Shock-Simulator/macro1/notas/nota-05-demanda-agregada.html#caso2-c1-baja-a-0-6","navegación","archivo y ancla disponibles; visibilidad por comprobar","","","inspección DOM/código; no equivale a clic en navegador"
"macro1/notas/nota-05-demanda-agregada.html","estático","a[16]","5. La Demanda Agregada y su Representación Gráfica","#5-la-demanda-agregada-y-su-representacion-grafica","https://pavelgomez.github.io/MacroLab-Shock-Simulator/macro1/notas/nota-05-demanda-agregada.html#5-la-demanda-agregada-y-su-representacion-grafica","navegación","archivo y ancla disponibles; visibilidad por comprobar","","","inspección DOM/código; no equivale a clic en navegador"
"macro1/notas/nota-05-demanda-agregada.html","estático","a[17]","6. Equilibrio en el Mercado de Bienes","#6-equilibrio-en-el-mercado-de-bienes","https://pavelgomez.github.io/MacroLab-Shock-Simulator/macro1/notas/nota-05-demanda-agregada.html#6-equilibrio-en-el-mercado-de-bienes","navegación","archivo y ancla disponibles; visibilidad por comprobar","","","inspección DOM/código; no equivale a clic en navegador"
"macro1/notas/nota-05-demanda-agregada.html","estático","a[18]","7. Representación Gráfica del Equilibrio en el Mercado de Bienes","#7-representacion-grafica-del-equilibrio-en-el-mercado-de","https://pavelgomez.github.io/MacroLab-Shock-Simulator/macro1/notas/nota-05-demanda-agregada.html#7-representacion-grafica-del-equilibrio-en-el-mercado-de","navegación","archivo y ancla disponibles; visibilidad por comprobar","","","inspección DOM/código; no equivale a clic en navegador"
"macro1/notas/nota-05-demanda-agregada.html","estático","a[19]","Ejercicio:","#ejercicio","https://pavelgomez.github.io/MacroLab-Shock-Simulator/macro1/notas/nota-05-demanda-agregada.html#ejercicio","navegación","archivo y ancla disponibles; visibilidad por comprobar","","","inspección DOM/código; no equivale a clic en navegador"
"macro1/notas/nota-06-mercado-dinero.html","estático","a[1]","Saltar al contenido","#contenido","https://pavelgomez.github.io/MacroLab-Shock-Simulator/macro1/notas/nota-06-mercado-dinero.html#contenido","navegación","archivo y ancla disponibles; visibilidad por comprobar","","","inspección DOM/código; no equivale a clic en navegador"
"macro1/notas/nota-06-mercado-dinero.html","estático","a[2]","← Volver al laboratorio","../index.html#route","https://pavelgomez.github.io/MacroLab-Shock-Simulator/macro1/index.html#route","navegación","archivo y ancla disponibles; visibilidad por comprobar","","","inspección DOM/código; no equivale a clic en navegador"
"macro1/notas/nota-06-mercado-dinero.html","estático","a[3]","Descargar PDF","nota-06-mercado-dinero.pdf","https://pavelgomez.github.io/MacroLab-Shock-Simulator/macro1/notas/nota-06-mercado-dinero.pdf","descarga","archivo local disponible","","","inspección DOM/código; no equivale a clic en navegador"
"macro1/notas/nota-06-mercado-dinero.html","estático","a[4]","Nota de estudio 5 · Dinero, bonos y tasa de interés","nota-b3-dinero-alumno.html","https://pavelgomez.github.io/MacroLab-Shock-Simulator/macro1/notas/nota-b3-dinero-alumno.html","navegación","archivo local disponible","","","inspección DOM/código; no equivale a clic en navegador"
"macro1/notas/nota-06-mercado-dinero.html","estático","a[5]","1. Definiciones Clave","#1-definiciones-clave","https://pavelgomez.github.io/MacroLab-Shock-Simulator/macro1/notas/nota-06-mercado-dinero.html#1-definiciones-clave","navegación","archivo y ancla disponibles; visibilidad por comprobar","","","inspección DOM/código; no equivale a clic en navegador"
"macro1/notas/nota-06-mercado-dinero.html","estático","a[6]","2. La Demanda de Dinero","#2-la-demanda-de-dinero","https://pavelgomez.github.io/MacroLab-Shock-Simulator/macro1/notas/nota-06-mercado-dinero.html#2-la-demanda-de-dinero","navegación","archivo y ancla disponibles; visibilidad por comprobar","","","inspección DOM/código; no equivale a clic en navegador"
"macro1/notas/nota-06-mercado-dinero.html","estático","a[7]","2.1. Ecuación de la Demanda de Dinero:","#2-1-ecuacion-de-la-demanda-de-dinero","https://pavelgomez.github.io/MacroLab-Shock-Simulator/macro1/notas/nota-06-mercado-dinero.html#2-1-ecuacion-de-la-demanda-de-dinero","navegación","archivo y ancla disponibles; visibilidad por comprobar","","","inspección DOM/código; no equivale a clic en navegador"
"macro1/notas/nota-06-mercado-dinero.html","estático","a[8]","Ejemplo de la relación entre la demanda de dinero, tipo de interés y renta nominal:","#ejemplo-de-la-relacion-entre-la-demanda-de-dinero-tipo-d","https://pavelgomez.github.io/MacroLab-Shock-Simulator/macro1/notas/nota-06-mercado-dinero.html#ejemplo-de-la-relacion-entre-la-demanda-de-dinero-tipo-d","navegación","archivo y ancla disponibles; visibilidad por comprobar","","","inspección DOM/código; no equivale a clic en navegador"
"macro1/notas/nota-06-mercado-dinero.html","estático","a[9]","3. Idea Central del Análisis:","#3-idea-central-del-analisis","https://pavelgomez.github.io/MacroLab-Shock-Simulator/macro1/notas/nota-06-mercado-dinero.html#3-idea-central-del-analisis","navegación","archivo y ancla disponibles; visibilidad por comprobar","","","inspección DOM/código; no equivale a clic en navegador"
"macro1/notas/nota-06-mercado-dinero.html","estático","a[10]","3.1. La Determinación del Tipo de Interés: Caso I","#3-1-la-determinacion-del-tipo-de-interes-caso-i","https://pavelgomez.github.io/MacroLab-Shock-Simulator/macro1/notas/nota-06-mercado-dinero.html#3-1-la-determinacion-del-tipo-de-interes-caso-i","navegación","archivo y ancla disponibles; visibilidad por comprobar","","","inspección DOM/código; no equivale a clic en navegador"
"macro1/notas/nota-06-mercado-dinero.html","estático","a[11]","3.2. La Determinación del Tipo de Interés cuando tenemos bancos comerciales y el público desea tener su dinero solo en forma de depósitos a la vista: Caso II","#3-2-la-determinacion-del-tipo-de-interes-cuando-tenemos","https://pavelgomez.github.io/MacroLab-Shock-Simulator/macro1/notas/nota-06-mercado-dinero.html#3-2-la-determinacion-del-tipo-de-interes-cuando-tenemos","navegación","archivo y ancla disponibles; visibilidad por comprobar","","","inspección DOM/código; no equivale a clic en navegador"
"macro1/notas/nota-06-mercado-dinero.html","estático","a[12]","3.3. La Determinación del Tipo de Interés cuando tenemos bancos comerciales y el público desea tener su dinero en una mezcla de efectivo y depósitos a la vista: Caso III","#3-3-la-determinacion-del-tipo-de-interes-cuando-tenemos","https://pavelgomez.github.io/MacroLab-Shock-Simulator/macro1/notas/nota-06-mercado-dinero.html#3-3-la-determinacion-del-tipo-de-interes-cuando-tenemos","navegación","archivo y ancla disponibles; visibilidad por comprobar","","","inspección DOM/código; no equivale a clic en navegador"
"macro1/notas/nota-06-mercado-dinero.html","estático","a[13]","4. Impacto de las políticas del Banco Central de Chile:","#4-impacto-de-las-politicas-del-banco-central-de-chile","https://pavelgomez.github.io/MacroLab-Shock-Simulator/macro1/notas/nota-06-mercado-dinero.html#4-impacto-de-las-politicas-del-banco-central-de-chile","navegación","archivo y ancla disponibles; visibilidad por comprobar","","","inspección DOM/código; no equivale a clic en navegador"
"macro1/notas/nota-06-mercado-dinero.html","estático","a[14]","5. La Trampa de la Liquidez","#5-la-trampa-de-la-liquidez","https://pavelgomez.github.io/MacroLab-Shock-Simulator/macro1/notas/nota-06-mercado-dinero.html#5-la-trampa-de-la-liquidez","navegación","archivo y ancla disponibles; visibilidad por comprobar","","","inspección DOM/código; no equivale a clic en navegador"
"macro1/notas/nota-06-mercado-dinero.html","estático","a[15]","Ejemplo de la Trampa de la Liquidez:","#ejemplo-de-la-trampa-de-la-liquidez","https://pavelgomez.github.io/MacroLab-Shock-Simulator/macro1/notas/nota-06-mercado-dinero.html#ejemplo-de-la-trampa-de-la-liquidez","navegación","archivo y ancla disponibles; visibilidad por comprobar","","","inspección DOM/código; no equivale a clic en navegador"
"macro1/notas/nota-06-mercado-dinero.html","estático","a[16]","Implicaciones de la trampa de liquidez","#implicaciones-de-la-trampa-de-liquidez","https://pavelgomez.github.io/MacroLab-Shock-Simulator/macro1/notas/nota-06-mercado-dinero.html#implicaciones-de-la-trampa-de-liquidez","navegación","archivo y ancla disponibles; visibilidad por comprobar","","","inspección DOM/código; no equivale a clic en navegador"
"macro1/notas/nota-06-mercado-dinero.html","estático","a[17]","6. Importancia para un egresado de Ingeniería Comercial","#6-importancia-para-un-egresado-de-ingenieria-comercial","https://pavelgomez.github.io/MacroLab-Shock-Simulator/macro1/notas/nota-06-mercado-dinero.html#6-importancia-para-un-egresado-de-ingenieria-comercial","navegación","archivo y ancla disponibles; visibilidad por comprobar","","","inspección DOM/código; no equivale a clic en navegador"
"macro1/notas/nota-06-mercado-dinero.html","estático","a[18]","7. Conclusión","#7-conclusion","https://pavelgomez.github.io/MacroLab-Shock-Simulator/macro1/notas/nota-06-mercado-dinero.html#7-conclusion","navegación","archivo y ancla disponibles; visibilidad por comprobar","","","inspección DOM/código; no equivale a clic en navegador"
"macro1/notas/nota-b1-medicion.html","estático","a[1]","Saltar al contenido","#contenido","https://pavelgomez.github.io/MacroLab-Shock-Simulator/macro1/notas/nota-b1-medicion.html#contenido","navegación","archivo y ancla disponibles; visibilidad por comprobar","","","inspección DOM/código; no equivale a clic en navegador"
"macro1/notas/nota-b1-medicion.html","estático","a[2]","← Volver a la ruta del curso","../index.html#route","https://pavelgomez.github.io/MacroLab-Shock-Simulator/macro1/index.html#route","navegación","archivo y ancla disponibles; visibilidad por comprobar","","","inspección DOM/código; no equivale a clic en navegador"
"macro1/notas/nota-b1-medicion.html","estático","a[3]","Descargar en PDF","Bloque1_alumno.pdf","https://pavelgomez.github.io/MacroLab-Shock-Simulator/macro1/notas/Bloque1_alumno.pdf","descarga","archivo local disponible","","","inspección DOM/código; no equivale a clic en navegador"
"macro1/notas/nota-b1-medicion.html","estático","a[4]","Descargar esta nota en PDF (1.6 MB)","Bloque1_alumno.pdf","https://pavelgomez.github.io/MacroLab-Shock-Simulator/macro1/notas/Bloque1_alumno.pdf","descarga","archivo local disponible","","","inspección DOM/código; no equivale a clic en navegador"
"macro1/notas/nota-b2-mercado-bienes.html","estático","a[1]","Saltar al contenido","#contenido","https://pavelgomez.github.io/MacroLab-Shock-Simulator/macro1/notas/nota-b2-mercado-bienes.html#contenido","navegación","archivo y ancla disponibles; visibilidad por comprobar","","","inspección DOM/código; no equivale a clic en navegador"
"macro1/notas/nota-b2-mercado-bienes.html","estático","a[2]","← Volver a la ruta del curso","../index.html#route","https://pavelgomez.github.io/MacroLab-Shock-Simulator/macro1/index.html#route","navegación","archivo y ancla disponibles; visibilidad por comprobar","","","inspección DOM/código; no equivale a clic en navegador"
"macro1/notas/nota-b2-mercado-bienes.html","estático","a[3]","Descargar en PDF","Nota_estudio4_mercado_bienes.pdf","https://pavelgomez.github.io/MacroLab-Shock-Simulator/macro1/notas/Nota_estudio4_mercado_bienes.pdf","descarga","archivo local disponible","","","inspección DOM/código; no equivale a clic en navegador"
"macro1/notas/nota-b2-mercado-bienes.html","estático","a[4]","Descargar esta nota en PDF (0,7 MB)","Nota_estudio4_mercado_bienes.pdf","https://pavelgomez.github.io/MacroLab-Shock-Simulator/macro1/notas/Nota_estudio4_mercado_bienes.pdf","descarga","archivo local disponible","","","inspección DOM/código; no equivale a clic en navegador"
"macro1/notas/nota-b3-dinero-alumno.html","estático","a[1]","Saltar al contenido","#contenido","https://pavelgomez.github.io/MacroLab-Shock-Simulator/macro1/notas/nota-b3-dinero-alumno.html#contenido","navegación","archivo y ancla disponibles; visibilidad por comprobar","","","inspección DOM/código; no equivale a clic en navegador"
"macro1/notas/nota-b3-dinero-alumno.html","estático","a[2]","← Volver a la ruta del curso","../index.html#route","https://pavelgomez.github.io/MacroLab-Shock-Simulator/macro1/index.html#route","navegación","archivo y ancla disponibles; visibilidad por comprobar","","","inspección DOM/código; no equivale a clic en navegador"
"macro1/notas/nota-b3-dinero-alumno.html","estático","a[3]","Descargar en PDF","Nota5_dinero_alumno.pdf","https://pavelgomez.github.io/MacroLab-Shock-Simulator/macro1/notas/Nota5_dinero_alumno.pdf","descarga","archivo local disponible","","","inspección DOM/código; no equivale a clic en navegador"
"macro1/notas/nota-b3-dinero-alumno.html","estático","a[4]","abrir en YouTube","https://youtu.be/SGeNUsRHLjA","https://youtu.be/SGeNUsRHLjA","navegación","externo: pendiente","","","inspección DOM/código; no equivale a clic en navegador"
"macro1/notas/nota-b3-dinero-alumno.html","estático","a[5]","Descargar esta nota en PDF (1,3 MB)","Nota5_dinero_alumno.pdf","https://pavelgomez.github.io/MacroLab-Shock-Simulator/macro1/notas/Nota5_dinero_alumno.pdf","descarga","archivo local disponible","","","inspección DOM/código; no equivale a clic en navegador"
"macro1/notas/nota-b4a-inversion-is-alumno.html","estático","a[1]","Saltar al contenido","#contenido","https://pavelgomez.github.io/MacroLab-Shock-Simulator/macro1/notas/nota-b4a-inversion-is-alumno.html#contenido","navegación","archivo y ancla disponibles; visibilidad por comprobar","","","inspección DOM/código; no equivale a clic en navegador"
"macro1/notas/nota-b4a-inversion-is-alumno.html","estático","a[2]","← Volver a la ruta del curso","../index.html#route","https://pavelgomez.github.io/MacroLab-Shock-Simulator/macro1/index.html#route","navegación","archivo y ancla disponibles; visibilidad por comprobar","","","inspección DOM/código; no equivale a clic en navegador"
"macro1/notas/nota-b4a-inversion-is-alumno.html","estático","a[3]","Descargar en PDF","Nota6_inversion_IS_alumno.pdf","https://pavelgomez.github.io/MacroLab-Shock-Simulator/macro1/notas/Nota6_inversion_IS_alumno.pdf","descarga","archivo local disponible","","","inspección DOM/código; no equivale a clic en navegador"
"macro1/notas/nota-b4a-inversion-is-alumno.html","estático","a[4]","abrir en YouTube","https://youtu.be/c3YxmeOxUCs","https://youtu.be/c3YxmeOxUCs","navegación","externo: pendiente","","","inspección DOM/código; no equivale a clic en navegador"
"macro1/notas/nota-b4a-inversion-is-alumno.html","estático","a[5]","abrir en YouTube","https://youtu.be/hPC0gs_uT40","https://youtu.be/hPC0gs_uT40","navegación","externo: pendiente","","","inspección DOM/código; no equivale a clic en navegador"
"macro1/notas/nota-b4a-inversion-is-alumno.html","estático","a[6]","Descargar esta nota en PDF (1,3 MB)","Nota6_inversion_IS_alumno.pdf","https://pavelgomez.github.io/MacroLab-Shock-Simulator/macro1/notas/Nota6_inversion_IS_alumno.pdf","descarga","archivo local disponible","","","inspección DOM/código; no equivale a clic en navegador"
"macro1/notas/nota-b4b-islm-alumno.html","estático","a[1]","Saltar al contenido","#contenido","https://pavelgomez.github.io/MacroLab-Shock-Simulator/macro1/notas/nota-b4b-islm-alumno.html#contenido","navegación","archivo y ancla disponibles; visibilidad por comprobar","","","inspección DOM/código; no equivale a clic en navegador"
"macro1/notas/nota-b4b-islm-alumno.html","estático","a[2]","← Volver a la ruta del curso","../index.html#route","https://pavelgomez.github.io/MacroLab-Shock-Simulator/macro1/index.html#route","navegación","archivo y ancla disponibles; visibilidad por comprobar","","","inspección DOM/código; no equivale a clic en navegador"
"macro1/notas/nota-b4b-islm-alumno.html","estático","a[3]","Descargar en PDF","Nota7_ISLM_alumno.pdf","https://pavelgomez.github.io/MacroLab-Shock-Simulator/macro1/notas/Nota7_ISLM_alumno.pdf","descarga","archivo local disponible","","","inspección DOM/código; no equivale a clic en navegador"
"macro1/notas/nota-b4b-islm-alumno.html","estático","a[4]","abrir en YouTube","https://youtu.be/vhwXMFaYm2c","https://youtu.be/vhwXMFaYm2c","navegación","externo: pendiente","","","inspección DOM/código; no equivale a clic en navegador"
"macro1/notas/nota-b4b-islm-alumno.html","estático","a[5]","abrir en YouTube","https://youtu.be/095Y6tk4L2E","https://youtu.be/095Y6tk4L2E","navegación","externo: pendiente","","","inspección DOM/código; no equivale a clic en navegador"
"macro1/notas/nota-b4b-islm-alumno.html","estático","a[6]","Descargar esta nota en PDF (1,3 MB)","Nota7_ISLM_alumno.pdf","https://pavelgomez.github.io/MacroLab-Shock-Simulator/macro1/notas/Nota7_ISLM_alumno.pdf","descarga","archivo local disponible","","","inspección DOM/código; no equivale a clic en navegador"
"macro1/notas/nota-b4c-desequilibrios-alumno.html","estático","a[1]","Saltar al contenido","#contenido","https://pavelgomez.github.io/MacroLab-Shock-Simulator/macro1/notas/nota-b4c-desequilibrios-alumno.html#contenido","navegación","archivo y ancla disponibles; visibilidad por comprobar","","","inspección DOM/código; no equivale a clic en navegador"
"macro1/notas/nota-b4c-desequilibrios-alumno.html","estático","a[2]","← Volver a la ruta del curso","../index.html#route","https://pavelgomez.github.io/MacroLab-Shock-Simulator/macro1/index.html#route","navegación","archivo y ancla disponibles; visibilidad por comprobar","","","inspección DOM/código; no equivale a clic en navegador"
"macro1/notas/nota-b4c-desequilibrios-alumno.html","estático","a[3]","Descargar en PDF","Nota8_desequilibrios_alumno.pdf","https://pavelgomez.github.io/MacroLab-Shock-Simulator/macro1/notas/Nota8_desequilibrios_alumno.pdf","descarga","archivo local disponible","","","inspección DOM/código; no equivale a clic en navegador"
"macro1/notas/nota-b4c-desequilibrios-alumno.html","estático","a[4]","abrir en YouTube","https://youtu.be/WUEnDFlqpQ4","https://youtu.be/WUEnDFlqpQ4","navegación","externo: pendiente","","","inspección DOM/código; no equivale a clic en navegador"
"macro1/notas/nota-b4c-desequilibrios-alumno.html","estático","a[5]","abrir en YouTube","https://youtu.be/ruJjs5YvPUI","https://youtu.be/ruJjs5YvPUI","navegación","externo: pendiente","","","inspección DOM/código; no equivale a clic en navegador"
"macro1/notas/nota-b4c-desequilibrios-alumno.html","estático","a[6]","Descargar esta nota en PDF (1,3 MB)","Nota8_desequilibrios_alumno.pdf","https://pavelgomez.github.io/MacroLab-Shock-Simulator/macro1/notas/Nota8_desequilibrios_alumno.pdf","descarga","archivo local disponible","","","inspección DOM/código; no equivale a clic en navegador"
"macro1/index.html","Clase 1 preparación","a[1]","El barco que no pasó por Ormuz · Chile 2026 (abre en una pestaña nueva)","notas/cronica-clase1-chile-2026.html","https://pavelgomez.github.io/MacroLab-Shock-Simulator/macro1/notas/cronica-clase1-chile-2026.html","navegación","archivo local disponible","","","inspección DOM/código; no equivale a clic en navegador"
"macro1/index.html","Clase 1 preparación","a[2]","Leer en línea (abre en una pestaña nueva)","notas/cronica-clase1-chile-2026.html","https://pavelgomez.github.io/MacroLab-Shock-Simulator/macro1/notas/cronica-clase1-chile-2026.html","navegación","archivo local disponible","","","inspección DOM/código; no equivale a clic en navegador"
"macro1/index.html","Clase 1 preparación","a[3]","Descargar PDF","notas/cronica-clase1.pdf","https://pavelgomez.github.io/MacroLab-Shock-Simulator/macro1/notas/cronica-clase1.pdf","descarga","archivo local disponible","","","inspección DOM/código; no equivale a clic en navegador"
"macro1/index.html","Clase 1 preparación","a[4]","Nota de estudio 1 · Qué estudia la macroeconomía y cómo leer una cantidad (abre en una pestaña nueva)","notas/nota-01-introduccion.html","https://pavelgomez.github.io/MacroLab-Shock-Simulator/macro1/notas/nota-01-introduccion.html","navegación","archivo local disponible","","","inspección DOM/código; no equivale a clic en navegador"
"macro1/index.html","Clase 1 preparación","a[5]","Leer en línea (abre en una pestaña nueva)","notas/nota-01-introduccion.html","https://pavelgomez.github.io/MacroLab-Shock-Simulator/macro1/notas/nota-01-introduccion.html","navegación","archivo local disponible","","","inspección DOM/código; no equivale a clic en navegador"
"macro1/index.html","Clase 1 preparación","a[6]","Descargar PDF","notas/nota-01-introduccion.pdf","https://pavelgomez.github.io/MacroLab-Shock-Simulator/macro1/notas/nota-01-introduccion.pdf","descarga","archivo local disponible","","","inspección DOM/código; no equivale a clic en navegador"
"macro1/index.html","Clase 1 preparación","a[7]","Nota de estudio 2 · Ficha, fuentes y límites de un dato (abre en una pestaña nueva)","notas/nota-02-fuentes-datos.html","https://pavelgomez.github.io/MacroLab-Shock-Simulator/macro1/notas/nota-02-fuentes-datos.html","navegación","archivo local disponible","","","inspección DOM/código; no equivale a clic en navegador"
"macro1/index.html","Clase 1 preparación","a[8]","Leer en línea (abre en una pestaña nueva)","notas/nota-02-fuentes-datos.html","https://pavelgomez.github.io/MacroLab-Shock-Simulator/macro1/notas/nota-02-fuentes-datos.html","navegación","archivo local disponible","","","inspección DOM/código; no equivale a clic en navegador"
"macro1/index.html","Clase 1 preparación","a[9]","Descargar PDF","notas/nota-02-fuentes-datos.pdf","https://pavelgomez.github.io/MacroLab-Shock-Simulator/macro1/notas/nota-02-fuentes-datos.pdf","descarga","archivo local disponible","","","inspección DOM/código; no equivale a clic en navegador"
"macro1/index.html","Clase 1 preparación","a[10]","Hoja de trabajo · Clase 0 (abre en una pestaña nueva)","notas/kit-clase0-estudiante.html","https://pavelgomez.github.io/MacroLab-Shock-Simulator/macro1/notas/kit-clase0-estudiante.html","navegación","archivo local disponible","","","inspección DOM/código; no equivale a clic en navegador"
"macro1/index.html","Clase 1 preparación","a[11]","Leer en línea (abre en una pestaña nueva)","notas/kit-clase0-estudiante.html","https://pavelgomez.github.io/MacroLab-Shock-Simulator/macro1/notas/kit-clase0-estudiante.html","navegación","archivo local disponible","","","inspección DOM/código; no equivale a clic en navegador"
"macro1/index.html","Clase 1 preparación","a[12]","Descargar PDF","notas/kit-clase0-estudiante.pdf","https://pavelgomez.github.io/MacroLab-Shock-Simulator/macro1/notas/kit-clase0-estudiante.pdf","descarga","archivo local disponible","","","inspección DOM/código; no equivale a clic en navegador"
"macro1/index.html","Clase 1 preparación","a[13]","Guía de escucha · charla CPC (abre en una pestaña nueva)","notas/ficha-escucha-cpc-clase1.html","https://pavelgomez.github.io/MacroLab-Shock-Simulator/macro1/notas/ficha-escucha-cpc-clase1.html","navegación","archivo local disponible","","","inspección DOM/código; no equivale a clic en navegador"
"macro1/index.html","Clase 1 preparación","a[14]","Leer en línea (abre en una pestaña nueva)","notas/ficha-escucha-cpc-clase1.html","https://pavelgomez.github.io/MacroLab-Shock-Simulator/macro1/notas/ficha-escucha-cpc-clase1.html","navegación","archivo local disponible","","","inspección DOM/código; no equivale a clic en navegador"
"macro1/index.html","Clase 1 preparación","a[15]","Descargar PDF","notas/ficha-escucha-cpc.pdf","https://pavelgomez.github.io/MacroLab-Shock-Simulator/macro1/notas/ficha-escucha-cpc.pdf","descarga","archivo local disponible","","","inspección DOM/código; no equivale a clic en navegador"
"macro1/index.html","Clase 1 preparación","a[16]","Guía del curso · funcionamiento, glosario y evaluación (abre en una pestaña nueva)","notas/guia-del-curso-2026-2.html","https://pavelgomez.github.io/MacroLab-Shock-Simulator/macro1/notas/guia-del-curso-2026-2.html","navegación","archivo local disponible","","","inspección DOM/código; no equivale a clic en navegador"
"macro1/index.html","Clase 1 preparación","a[17]","Leer en línea (abre en una pestaña nueva)","notas/guia-del-curso-2026-2.html","https://pavelgomez.github.io/MacroLab-Shock-Simulator/macro1/notas/guia-del-curso-2026-2.html","navegación","archivo local disponible","","","inspección DOM/código; no equivale a clic en navegador"
"macro1/index.html","Clase 1 preparación","a[18]","Descargar PDF","notas/guia-del-curso-2026-2.pdf","https://pavelgomez.github.io/MacroLab-Shock-Simulator/macro1/notas/guia-del-curso-2026-2.pdf","descarga","archivo local disponible","","","inspección DOM/código; no equivale a clic en navegador"
"macro1/index.html","Clase 1 paso 1","button[1]","Continuar a indicadores","reading","control:reading","acción","control: requiere comprobación de interacción","","","inspección DOM/código; no equivale a clic en navegador"
"macro1/index.html","Clase 1 paso 2","a[1]","Estadísticas y datos · BCCh ↗","https://www.bcentral.cl/es/areas/estadisticas","https://www.bcentral.cl/es/areas/estadisticas","navegación","externo: pendiente","","","inspección DOM/código; no equivale a clic en navegador"
"macro1/index.html","Clase 1 paso 2","a[2]","BDE · crecimiento del PIB trimestral ↗","https://si3.bcentral.cl/siete/ES/Siete/Cuadro/CAP_EI/MN_EI11/EI_CREC_TRI?idSerie=F019.PIB.VAR.CH.T","https://si3.bcentral.cl/siete/ES/Siete/Cuadro/CAP_EI/MN_EI11/EI_CREC_TRI?idSerie=F019.PIB.VAR.CH.T","navegación","externo: pendiente","","","inspección DOM/código; no equivale a clic en navegador"
"macro1/index.html","Clase 1 paso 2","a[3]","IPoM junio 2026 ↗","https://www.bcentral.cl/web/banco-central/contenido/-/detalle/publicaciones/politica-monetaria/ipom-junio-2026","https://www.bcentral.cl/web/banco-central/contenido/-/detalle/publicaciones/politica-monetaria/ipom-junio-2026","navegación","externo: pendiente","","","inspección DOM/código; no equivale a clic en navegador"
"macro1/index.html","Clase 1 paso 2","button[4]","Cerrar ficha y continuar","indicator","control:indicator","acción","control: requiere comprobación de interacción","","","inspección DOM/código; no equivale a clic en navegador"
"macro1/index.html","Clase 1 paso 3","button[1]","Entregar respuesta y revelar retroalimentación","test","control:test","acción","control: requiere comprobación de interacción","","","inspección DOM/código; no equivale a clic en navegador"
"macro1/index.html","Clase 1 paso 4","button[1]","Comprobar mi orientación","feedback","control:feedback","acción","control: requiere comprobación de interacción","","","inspección DOM/código; no equivale a clic en navegador"
"macro1/index.html","Clase 1 paso 5","button[1]","Recibir una orientación y una práctica","error","control:error","acción","control: requiere comprobación de interacción","","","inspección DOM/código; no equivale a clic en navegador"
"macro1/index.html","Clase 1 paso 6","a[1]","Volver a Nota de estudio 1 · §2.1, Cómo leer una cifra antes de explicarla (abre en una pestaña nueva)","notas/nota-01-introduccion.html#2-1-como-leer-una-cifra","https://pavelgomez.github.io/MacroLab-Shock-Simulator/macro1/notas/nota-01-introduccion.html#2-1-como-leer-una-cifra","navegación","archivo y ancla disponibles; visibilidad por comprobar","","","inspección DOM/código; no equivale a clic en navegador"
"macro1/index.html","Clase 1 paso 6","a[2]","Volver a Nota de estudio 1 · §2.1, Estado de una cifra (abre en una pestaña nueva)","notas/nota-01-introduccion.html#2-1-1-pasaporte-dato","https://pavelgomez.github.io/MacroLab-Shock-Simulator/macro1/notas/nota-01-introduccion.html#2-1-1-pasaporte-dato","navegación","archivo y ancla disponibles; visibilidad por comprobar","","","inspección DOM/código; no equivale a clic en navegador"
"macro1/index.html","Clase 1 paso 6","a[3]","Volver a Nota de estudio 1 · §2.1, Los cinco datos que identifican una cifra (abre en una pestaña nueva)","notas/nota-01-introduccion.html#2-1-1-pasaporte-dato","https://pavelgomez.github.io/MacroLab-Shock-Simulator/macro1/notas/nota-01-introduccion.html#2-1-1-pasaporte-dato","navegación","archivo y ancla disponibles; visibilidad por comprobar","","","inspección DOM/código; no equivale a clic en navegador"
"macro1/index.html","Clase 1 paso 6","a[4]","Volver a Nota de estudio 1 · §2.1, Cómo leer una cifra antes de explicarla (abre en una pestaña nueva)","notas/nota-01-introduccion.html#2-1-como-leer-una-cifra","https://pavelgomez.github.io/MacroLab-Shock-Simulator/macro1/notas/nota-01-introduccion.html#2-1-como-leer-una-cifra","navegación","archivo y ancla disponibles; visibilidad por comprobar","","","inspección DOM/código; no equivale a clic en navegador"
"macro1/index.html","Clase 1 paso 6","button[5]","Comprobar respuesta inicial + ajustes","guidedCheck","control:guidedCheck","acción","control: requiere comprobación de interacción","","","inspección DOM/código; no equivale a clic en navegador"
"macro1/index.html","Clase 1 paso 6","button[6]","Descargar mi reporte (práctica pendiente)","exportPending","control:exportPending","acción","control: requiere comprobación de interacción","","","inspección DOM/código; no equivale a clic en navegador"
"macro1/index.html","Clase 1 paso 6","button[7]","Practicar en el laboratorio asociado","cta","control:cta","acción","control: requiere comprobación de interacción","","","inspección DOM/código; no equivale a clic en navegador"
"macro1/index.html","Clase 1 paso 6","button[8]","Descargar archivo para continuar (.json)","exportJson","control:exportJson","acción","control: requiere comprobación de interacción","","","inspección DOM/código; no equivale a clic en navegador"
"macro1/index.html","Clase 2 preparación","a[1]","Quién paga la cuenta (abre en una pestaña nueva)","notas/cronica-clase2-chile-2026.html","https://pavelgomez.github.io/MacroLab-Shock-Simulator/macro1/notas/cronica-clase2-chile-2026.html","navegación","archivo local disponible","","","inspección DOM/código; no equivale a clic en navegador"
"macro1/index.html","Clase 2 preparación","a[2]","Leer en línea (abre en una pestaña nueva)","notas/cronica-clase2-chile-2026.html","https://pavelgomez.github.io/MacroLab-Shock-Simulator/macro1/notas/cronica-clase2-chile-2026.html","navegación","archivo local disponible","","","inspección DOM/código; no equivale a clic en navegador"
"macro1/index.html","Clase 2 preparación","a[3]","Descargar PDF","notas/cronica-clase2.pdf","https://pavelgomez.github.io/MacroLab-Shock-Simulator/macro1/notas/cronica-clase2.pdf","descarga","archivo local disponible","","","inspección DOM/código; no equivale a clic en navegador"
"macro1/index.html","Clase 2 preparación","a[4]","Nota de estudio 3 · Medición de la actividad económica (abre en una pestaña nueva)","notas/nota-b1-medicion.html","https://pavelgomez.github.io/MacroLab-Shock-Simulator/macro1/notas/nota-b1-medicion.html","navegación","archivo local disponible","","","inspección DOM/código; no equivale a clic en navegador"
"macro1/index.html","Clase 2 preparación","a[5]","Leer en línea (abre en una pestaña nueva)","notas/nota-b1-medicion.html","https://pavelgomez.github.io/MacroLab-Shock-Simulator/macro1/notas/nota-b1-medicion.html","navegación","archivo local disponible","","","inspección DOM/código; no equivale a clic en navegador"
"macro1/index.html","Clase 2 preparación","a[6]","Descargar PDF","notas/Bloque1_alumno.pdf","https://pavelgomez.github.io/MacroLab-Shock-Simulator/macro1/notas/Bloque1_alumno.pdf","descarga","archivo local disponible","","","inspección DOM/código; no equivale a clic en navegador"
"macro1/index.html","Clase 2 preparación","a[7]","Constructor de índices de MacroLab","#med","https://pavelgomez.github.io/MacroLab-Shock-Simulator/macro1/index.html#med","navegación","archivo y ancla disponibles; visibilidad por comprobar","","","inspección DOM/código; no equivale a clic en navegador"
"macro1/index.html","Clase 2 paso 1","button[1]","Continuar a indicadores","reading","control:reading","acción","control: requiere comprobación de interacción","","","inspección DOM/código; no equivale a clic en navegador"
"macro1/index.html","Clase 2 paso 2","a[1]","Cuentas Nacionales Anuales · BCCh ↗","https://www.bcentral.cl/es/areas/estadisticas/cuentas-nacionales-anuales","https://www.bcentral.cl/es/areas/estadisticas/cuentas-nacionales-anuales","navegación","externo: pendiente","","","inspección DOM/código; no equivale a clic en navegador"
"macro1/index.html","Clase 2 paso 2","a[2]","Preguntas frecuentes de estadísticas ↗","https://www.bcentral.cl/es/areas/estadisticas/preguntas-frecuentes-estadisticas","https://www.bcentral.cl/es/areas/estadisticas/preguntas-frecuentes-estadisticas","navegación","externo: pendiente","","","inspección DOM/código; no equivale a clic en navegador"
"macro1/index.html","Clase 2 paso 2","a[3]","Laboratorio de índices de esta página ↗","#med","https://pavelgomez.github.io/MacroLab-Shock-Simulator/macro1/index.html#med","navegación","archivo y ancla disponibles; visibilidad por comprobar","","","inspección DOM/código; no equivale a clic en navegador"
"macro1/index.html","Clase 2 paso 2","button[4]","Cerrar ficha y continuar","indicator","control:indicator","acción","control: requiere comprobación de interacción","","","inspección DOM/código; no equivale a clic en navegador"
"macro1/index.html","Clase 2 paso 3","button[1]","Entregar respuesta y revelar retroalimentación","test","control:test","acción","control: requiere comprobación de interacción","","","inspección DOM/código; no equivale a clic en navegador"
"macro1/index.html","Clase 2 paso 4","button[1]","Comprobar mi orientación","feedback","control:feedback","acción","control: requiere comprobación de interacción","","","inspección DOM/código; no equivale a clic en navegador"
"macro1/index.html","Clase 2 paso 5","button[1]","Recibir una orientación y una práctica","error","control:error","acción","control: requiere comprobación de interacción","","","inspección DOM/código; no equivale a clic en navegador"
"macro1/index.html","Clase 2 paso 6","button[1]","Comprobar mi nueva respuesta","guidedCheck","control:guidedCheck","acción","control: requiere comprobación de interacción","","","inspección DOM/código; no equivale a clic en navegador"
"macro1/index.html","Clase 2 paso 6","button[2]","Descargar mi reporte (práctica pendiente)","exportPending","control:exportPending","acción","control: requiere comprobación de interacción","","","inspección DOM/código; no equivale a clic en navegador"
"macro1/index.html","Clase 2 paso 6","button[3]","Practicar en el laboratorio asociado","med","control:med","acción","control: requiere comprobación de interacción","","","inspección DOM/código; no equivale a clic en navegador"
"macro1/index.html","Clase 2 paso 6","button[4]","Descargar archivo para continuar (.json)","exportJson","control:exportJson","acción","control: requiere comprobación de interacción","","","inspección DOM/código; no equivale a clic en navegador"
"macro1/index.html","Clase 3 preparación","a[1]","La bodega que habló antes que el gerente (abre en una pestaña nueva)","notas/cronica-clase3-chile-2026.html","https://pavelgomez.github.io/MacroLab-Shock-Simulator/macro1/notas/cronica-clase3-chile-2026.html","navegación","archivo local disponible","","","inspección DOM/código; no equivale a clic en navegador"
"macro1/index.html","Clase 3 preparación","a[2]","Leer en línea (abre en una pestaña nueva)","notas/cronica-clase3-chile-2026.html","https://pavelgomez.github.io/MacroLab-Shock-Simulator/macro1/notas/cronica-clase3-chile-2026.html","navegación","archivo local disponible","","","inspección DOM/código; no equivale a clic en navegador"
"macro1/index.html","Clase 3 preparación","a[3]","Descargar PDF","notas/cronica-clase3.pdf","https://pavelgomez.github.io/MacroLab-Shock-Simulator/macro1/notas/cronica-clase3.pdf","descarga","archivo local disponible","","","inspección DOM/código; no equivale a clic en navegador"
"macro1/index.html","Clase 3 preparación","a[4]","Nota de estudio 4 · El mercado de bienes (abre en una pestaña nueva)","notas/nota-b2-mercado-bienes.html","https://pavelgomez.github.io/MacroLab-Shock-Simulator/macro1/notas/nota-b2-mercado-bienes.html","navegación","archivo local disponible","","","inspección DOM/código; no equivale a clic en navegador"
"macro1/index.html","Clase 3 preparación","a[5]","Leer en línea (abre en una pestaña nueva)","notas/nota-b2-mercado-bienes.html","https://pavelgomez.github.io/MacroLab-Shock-Simulator/macro1/notas/nota-b2-mercado-bienes.html","navegación","archivo local disponible","","","inspección DOM/código; no equivale a clic en navegador"
"macro1/index.html","Clase 3 preparación","a[6]","Descargar PDF","notas/Nota_estudio4_mercado_bienes.pdf","https://pavelgomez.github.io/MacroLab-Shock-Simulator/macro1/notas/Nota_estudio4_mercado_bienes.pdf","descarga","archivo local disponible","","","inspección DOM/código; no equivale a clic en navegador"
"macro1/index.html","Clase 3 preparación","a[7]","Laboratorio de mercado de bienes","#cruz","https://pavelgomez.github.io/MacroLab-Shock-Simulator/macro1/index.html#cruz","navegación","archivo y ancla disponibles; visibilidad por comprobar","","","inspección DOM/código; no equivale a clic en navegador"
"macro1/index.html","Clase 3 paso 1","button[1]","Continuar a indicadores","reading","control:reading","acción","control: requiere comprobación de interacción","","","inspección DOM/código; no equivale a clic en navegador"
"macro1/index.html","Clase 3 paso 2","a[1]","IPoM junio 2026 ↗","https://www.bcentral.cl/web/banco-central/contenido/-/detalle/publicaciones/politica-monetaria/ipom-junio-2026","https://www.bcentral.cl/web/banco-central/contenido/-/detalle/publicaciones/politica-monetaria/ipom-junio-2026","navegación","externo: pendiente","","","inspección DOM/código; no equivale a clic en navegador"
"macro1/index.html","Clase 3 paso 2","a[2]","Laboratorio de mercado de bienes ↗","#cruz","https://pavelgomez.github.io/MacroLab-Shock-Simulator/macro1/index.html#cruz","navegación","archivo y ancla disponibles; visibilidad por comprobar","","","inspección DOM/código; no equivale a clic en navegador"
"macro1/index.html","Clase 3 paso 2","button[3]","Cerrar ficha y continuar","indicator","control:indicator","acción","control: requiere comprobación de interacción","","","inspección DOM/código; no equivale a clic en navegador"
"macro1/index.html","Clase 3 paso 3","button[1]","Abrir el laboratorio con esta actividad","launch","control:launch","acción","control: requiere comprobación de interacción","","","inspección DOM/código; no equivale a clic en navegador"
"macro1/index.html","Clase 4 preparación","a[1]","La tasa que Rosa no eligió (abre en una pestaña nueva)","notas/cronica-clase4-chile-2026.html","https://pavelgomez.github.io/MacroLab-Shock-Simulator/macro1/notas/cronica-clase4-chile-2026.html","navegación","archivo local disponible","","","inspección DOM/código; no equivale a clic en navegador"
"macro1/index.html","Clase 4 preparación","a[2]","Leer en línea (abre en una pestaña nueva)","notas/cronica-clase4-chile-2026.html","https://pavelgomez.github.io/MacroLab-Shock-Simulator/macro1/notas/cronica-clase4-chile-2026.html","navegación","archivo local disponible","","","inspección DOM/código; no equivale a clic en navegador"
"macro1/index.html","Clase 4 preparación","a[3]","Descargar PDF","notas/cronica-clase4.pdf","https://pavelgomez.github.io/MacroLab-Shock-Simulator/macro1/notas/cronica-clase4.pdf","descarga","archivo local disponible","","","inspección DOM/código; no equivale a clic en navegador"
"macro1/index.html","Clase 4 preparación","a[4]","Nota de estudio 5 · Dinero, bonos y tasa de interés (abre en una pestaña nueva)","notas/nota-b3-dinero-alumno.html","https://pavelgomez.github.io/MacroLab-Shock-Simulator/macro1/notas/nota-b3-dinero-alumno.html","navegación","archivo local disponible","","","inspección DOM/código; no equivale a clic en navegador"
"macro1/index.html","Clase 4 preparación","a[5]","Leer en línea (abre en una pestaña nueva)","notas/nota-b3-dinero-alumno.html","https://pavelgomez.github.io/MacroLab-Shock-Simulator/macro1/notas/nota-b3-dinero-alumno.html","navegación","archivo local disponible","","","inspección DOM/código; no equivale a clic en navegador"
"macro1/index.html","Clase 4 preparación","a[6]","Descargar PDF","notas/Nota5_dinero_alumno.pdf","https://pavelgomez.github.io/MacroLab-Shock-Simulator/macro1/notas/Nota5_dinero_alumno.pdf","descarga","archivo local disponible","","","inspección DOM/código; no equivale a clic en navegador"
"macro1/index.html","Clase 4 preparación","a[7]","Ayudantía · Clase 4 (dinero y tasa) (abre en una pestaña nueva)","notas/ayudantias/ayudantia-clase4-dinero-bonos-tasa.pdf","https://pavelgomez.github.io/MacroLab-Shock-Simulator/macro1/notas/ayudantias/ayudantia-clase4-dinero-bonos-tasa.pdf","navegación","archivo local disponible","","","inspección DOM/código; no equivale a clic en navegador"
"macro1/index.html","Clase 4 preparación","a[8]","Abrir PDF (abre en una pestaña nueva)","notas/ayudantias/ayudantia-clase4-dinero-bonos-tasa.pdf","https://pavelgomez.github.io/MacroLab-Shock-Simulator/macro1/notas/ayudantias/ayudantia-clase4-dinero-bonos-tasa.pdf","navegación","archivo local disponible","","","inspección DOM/código; no equivale a clic en navegador"
"macro1/index.html","Clase 4 preparación","a[9]","Descargar PDF","notas/ayudantias/ayudantia-clase4-dinero-bonos-tasa.pdf","https://pavelgomez.github.io/MacroLab-Shock-Simulator/macro1/notas/ayudantias/ayudantia-clase4-dinero-bonos-tasa.pdf","descarga","archivo local disponible","","","inspección DOM/código; no equivale a clic en navegador"
"macro1/index.html","Clase 4 preparación","a[10]","Pauta de práctica · Clase 4 (abre en una pestaña nueva)","notas/pautas/pauta-clase4-dinero-bonos-tasa.pdf","https://pavelgomez.github.io/MacroLab-Shock-Simulator/macro1/notas/pautas/pauta-clase4-dinero-bonos-tasa.pdf","navegación","archivo local disponible","","","inspección DOM/código; no equivale a clic en navegador"
"macro1/index.html","Clase 4 preparación","a[11]","Abrir PDF (abre en una pestaña nueva)","notas/pautas/pauta-clase4-dinero-bonos-tasa.pdf","https://pavelgomez.github.io/MacroLab-Shock-Simulator/macro1/notas/pautas/pauta-clase4-dinero-bonos-tasa.pdf","navegación","archivo local disponible","","","inspección DOM/código; no equivale a clic en navegador"
"macro1/index.html","Clase 4 preparación","a[12]","Descargar PDF","notas/pautas/pauta-clase4-dinero-bonos-tasa.pdf","https://pavelgomez.github.io/MacroLab-Shock-Simulator/macro1/notas/pautas/pauta-clase4-dinero-bonos-tasa.pdf","descarga","archivo local disponible","","","inspección DOM/código; no equivale a clic en navegador"
"macro1/index.html","Clase 4 preparación","a[13]","Laboratorio de dinero y tasa","#din","https://pavelgomez.github.io/MacroLab-Shock-Simulator/macro1/index.html#din","navegación","archivo y ancla disponibles; visibilidad por comprobar","","","inspección DOM/código; no equivale a clic en navegador"
"macro1/index.html","Clase 4 preparación","a[14]","Laboratorio de la relación LM","#lm","https://pavelgomez.github.io/MacroLab-Shock-Simulator/macro1/index.html#lm","navegación","archivo y ancla disponibles; visibilidad por comprobar","","","inspección DOM/código; no equivale a clic en navegador"
"macro1/index.html","Clase 4 paso 1","button[1]","Continuar a indicadores","reading","control:reading","acción","control: requiere comprobación de interacción","","","inspección DOM/código; no equivale a clic en navegador"
"macro1/index.html","Clase 4 paso 2","a[1]","Comunicado de la Reunión de Política Monetaria · Banco Central de Chile, 8 de septiembre de 2026 ↗","https://www.bcentral.cl/contenido/-/details/prensa/comunicados-rpm/comunicado-rpm-septiembre-2026","https://www.bcentral.cl/contenido/-/details/prensa/comunicados-rpm/comunicado-rpm-septiembre-2026","navegación","externo: pendiente","","","inspección DOM/código; no equivale a clic en navegador"
"macro1/index.html","Clase 4 paso 2","a[2]","Complemento · TPM, serie diaria oficial en la BDE del Banco Central ↗","https://si3.bcentral.cl/siete/ES/Siete/Cuadro/CAP_EST_OMA/MN_EST_OMA/EM_OMA_30?idSerie=F022.TPM.TIN.D001.NO.Z.D","https://si3.bcentral.cl/siete/ES/Siete/Cuadro/CAP_EST_OMA/MN_EST_OMA/EM_OMA_30?idSerie=F022.TPM.TIN.D001.NO.Z.D","navegación","externo: pendiente","","","inspección DOM/código; no equivale a clic en navegador"
"macro1/index.html","Clase 4 paso 2","a[3]","IPoM junio 2026 ↗","https://www.bcentral.cl/web/banco-central/contenido/-/detalle/publicaciones/politica-monetaria/ipom-junio-2026","https://www.bcentral.cl/web/banco-central/contenido/-/detalle/publicaciones/politica-monetaria/ipom-junio-2026","navegación","externo: pendiente","","","inspección DOM/código; no equivale a clic en navegador"
"macro1/index.html","Clase 4 paso 2","a[4]","Laboratorio de dinero y tasa de esta página ↗","#din","https://pavelgomez.github.io/MacroLab-Shock-Simulator/macro1/index.html#din","navegación","archivo y ancla disponibles; visibilidad por comprobar","","","inspección DOM/código; no equivale a clic en navegador"
"macro1/index.html","Clase 4 paso 2","a[5]","Laboratorio de la relación LM de esta página ↗","#lm","https://pavelgomez.github.io/MacroLab-Shock-Simulator/macro1/index.html#lm","navegación","archivo y ancla disponibles; visibilidad por comprobar","","","inspección DOM/código; no equivale a clic en navegador"
"macro1/index.html","Clase 4 paso 2","button[6]","Cerrar ficha y continuar","indicator","control:indicator","acción","control: requiere comprobación de interacción","","","inspección DOM/código; no equivale a clic en navegador"
"macro1/index.html","Clase 4 paso 3","button[1]","Entregar respuesta y revelar retroalimentación","test","control:test","acción","control: requiere comprobación de interacción","","","inspección DOM/código; no equivale a clic en navegador"
"macro1/index.html","Clase 4 paso 4","button[1]","Comprobar mi orientación","feedback","control:feedback","acción","control: requiere comprobación de interacción","","","inspección DOM/código; no equivale a clic en navegador"
"macro1/index.html","Clase 4 paso 5","button[1]","Recibir una orientación y una práctica","error","control:error","acción","control: requiere comprobación de interacción","","","inspección DOM/código; no equivale a clic en navegador"
"macro1/index.html","Clase 4 paso 6","button[1]","Comprobar mi nueva respuesta","guidedCheck","control:guidedCheck","acción","control: requiere comprobación de interacción","","","inspección DOM/código; no equivale a clic en navegador"
"macro1/index.html","Clase 4 paso 6","button[2]","Descargar mi reporte (práctica pendiente)","exportPending","control:exportPending","acción","control: requiere comprobación de interacción","","","inspección DOM/código; no equivale a clic en navegador"
"macro1/index.html","Clase 4 paso 6","button[3]","Practicar en el laboratorio asociado","din","control:din","acción","control: requiere comprobación de interacción","","","inspección DOM/código; no equivale a clic en navegador"
"macro1/index.html","Clase 4 paso 6","button[4]","Descargar archivo para continuar (.json)","exportJson","control:exportJson","acción","control: requiere comprobación de interacción","","","inspección DOM/código; no equivale a clic en navegador"
"macro1/index.html","Clase 5 preparación","a[1]","El horno que Rosa no habría comprado en 2022 (abre en una pestaña nueva)","notas/cronica-clase5-chile-2026.html","https://pavelgomez.github.io/MacroLab-Shock-Simulator/macro1/notas/cronica-clase5-chile-2026.html","navegación","archivo local disponible","","","inspección DOM/código; no equivale a clic en navegador"
"macro1/index.html","Clase 5 preparación","a[2]","Leer en línea (abre en una pestaña nueva)","notas/cronica-clase5-chile-2026.html","https://pavelgomez.github.io/MacroLab-Shock-Simulator/macro1/notas/cronica-clase5-chile-2026.html","navegación","archivo local disponible","","","inspección DOM/código; no equivale a clic en navegador"
"macro1/index.html","Clase 5 preparación","a[3]","Descargar PDF","notas/cronica-clase5.pdf","https://pavelgomez.github.io/MacroLab-Shock-Simulator/macro1/notas/cronica-clase5.pdf","descarga","archivo local disponible","","","inspección DOM/código; no equivale a clic en navegador"
"macro1/index.html","Clase 5 preparación","a[4]","Nota de estudio 6 · Inversión y curva IS (abre en una pestaña nueva)","notas/nota-b4a-inversion-is-alumno.html","https://pavelgomez.github.io/MacroLab-Shock-Simulator/macro1/notas/nota-b4a-inversion-is-alumno.html","navegación","archivo local disponible","","","inspección DOM/código; no equivale a clic en navegador"
"macro1/index.html","Clase 5 preparación","a[5]","Leer en línea (abre en una pestaña nueva)","notas/nota-b4a-inversion-is-alumno.html","https://pavelgomez.github.io/MacroLab-Shock-Simulator/macro1/notas/nota-b4a-inversion-is-alumno.html","navegación","archivo local disponible","","","inspección DOM/código; no equivale a clic en navegador"
"macro1/index.html","Clase 5 preparación","a[6]","Descargar PDF","notas/Nota6_inversion_IS_alumno.pdf","https://pavelgomez.github.io/MacroLab-Shock-Simulator/macro1/notas/Nota6_inversion_IS_alumno.pdf","descarga","archivo local disponible","","","inspección DOM/código; no equivale a clic en navegador"
"macro1/index.html","Clase 5 preparación","a[7]","Ayudantía de transición (mercado de bienes) (abre en una pestaña nueva)","notas/ayudantias/ayudantia-transicion-bienes.pdf","https://pavelgomez.github.io/MacroLab-Shock-Simulator/macro1/notas/ayudantias/ayudantia-transicion-bienes.pdf","navegación","archivo local disponible","","","inspección DOM/código; no equivale a clic en navegador"
"macro1/index.html","Clase 5 preparación","a[8]","Abrir PDF (abre en una pestaña nueva)","notas/ayudantias/ayudantia-transicion-bienes.pdf","https://pavelgomez.github.io/MacroLab-Shock-Simulator/macro1/notas/ayudantias/ayudantia-transicion-bienes.pdf","navegación","archivo local disponible","","","inspección DOM/código; no equivale a clic en navegador"
"macro1/index.html","Clase 5 preparación","a[9]","Descargar PDF","notas/ayudantias/ayudantia-transicion-bienes.pdf","https://pavelgomez.github.io/MacroLab-Shock-Simulator/macro1/notas/ayudantias/ayudantia-transicion-bienes.pdf","descarga","archivo local disponible","","","inspección DOM/código; no equivale a clic en navegador"
"macro1/index.html","Clase 5 preparación","a[10]","Pauta · Ayudantía de transición (mercado de bienes) (abre en una pestaña nueva)","notas/pautas/pauta-ayudantia-transicion-bienes.pdf","https://pavelgomez.github.io/MacroLab-Shock-Simulator/macro1/notas/pautas/pauta-ayudantia-transicion-bienes.pdf","navegación","archivo local disponible","","","inspección DOM/código; no equivale a clic en navegador"
"macro1/index.html","Clase 5 preparación","a[11]","Abrir PDF (abre en una pestaña nueva)","notas/pautas/pauta-ayudantia-transicion-bienes.pdf","https://pavelgomez.github.io/MacroLab-Shock-Simulator/macro1/notas/pautas/pauta-ayudantia-transicion-bienes.pdf","navegación","archivo local disponible","","","inspección DOM/código; no equivale a clic en navegador"
"macro1/index.html","Clase 5 preparación","a[12]","Descargar PDF","notas/pautas/pauta-ayudantia-transicion-bienes.pdf","https://pavelgomez.github.io/MacroLab-Shock-Simulator/macro1/notas/pautas/pauta-ayudantia-transicion-bienes.pdf","descarga","archivo local disponible","","","inspección DOM/código; no equivale a clic en navegador"
"macro1/index.html","Clase 5 preparación","a[13]","Ayudantía · Clase 5 (inversión e IS) (abre en una pestaña nueva)","notas/ayudantias/ayudantia-clase5-inversion-is.pdf","https://pavelgomez.github.io/MacroLab-Shock-Simulator/macro1/notas/ayudantias/ayudantia-clase5-inversion-is.pdf","navegación","archivo local disponible","","","inspección DOM/código; no equivale a clic en navegador"
"macro1/index.html","Clase 5 preparación","a[14]","Abrir PDF (abre en una pestaña nueva)","notas/ayudantias/ayudantia-clase5-inversion-is.pdf","https://pavelgomez.github.io/MacroLab-Shock-Simulator/macro1/notas/ayudantias/ayudantia-clase5-inversion-is.pdf","navegación","archivo local disponible","","","inspección DOM/código; no equivale a clic en navegador"
"macro1/index.html","Clase 5 preparación","a[15]","Descargar PDF","notas/ayudantias/ayudantia-clase5-inversion-is.pdf","https://pavelgomez.github.io/MacroLab-Shock-Simulator/macro1/notas/ayudantias/ayudantia-clase5-inversion-is.pdf","descarga","archivo local disponible","","","inspección DOM/código; no equivale a clic en navegador"
"macro1/index.html","Clase 5 preparación","a[16]","Pauta de práctica · Clase 5 (abre en una pestaña nueva)","notas/pautas/pauta-clase5-inversion-is.pdf","https://pavelgomez.github.io/MacroLab-Shock-Simulator/macro1/notas/pautas/pauta-clase5-inversion-is.pdf","navegación","archivo local disponible","","","inspección DOM/código; no equivale a clic en navegador"
"macro1/index.html","Clase 5 preparación","a[17]","Abrir PDF (abre en una pestaña nueva)","notas/pautas/pauta-clase5-inversion-is.pdf","https://pavelgomez.github.io/MacroLab-Shock-Simulator/macro1/notas/pautas/pauta-clase5-inversion-is.pdf","navegación","archivo local disponible","","","inspección DOM/código; no equivale a clic en navegador"
"macro1/index.html","Clase 5 preparación","a[18]","Descargar PDF","notas/pautas/pauta-clase5-inversion-is.pdf","https://pavelgomez.github.io/MacroLab-Shock-Simulator/macro1/notas/pautas/pauta-clase5-inversion-is.pdf","descarga","archivo local disponible","","","inspección DOM/código; no equivale a clic en navegador"
"macro1/index.html","Clase 5 preparación","a[19]","Laboratorio de mercado de bienes","#cruz","https://pavelgomez.github.io/MacroLab-Shock-Simulator/macro1/index.html#cruz","navegación","archivo y ancla disponibles; visibilidad por comprobar","","","inspección DOM/código; no equivale a clic en navegador"
"macro1/index.html","Clase 5 preparación","a[20]","Laboratorio de la curva IS","#is","https://pavelgomez.github.io/MacroLab-Shock-Simulator/macro1/index.html#is","navegación","archivo y ancla disponibles; visibilidad por comprobar","","","inspección DOM/código; no equivale a clic en navegador"
"macro1/index.html","Clase 5 paso 1","button[1]","Continuar a indicadores","reading","control:reading","acción","control: requiere comprobación de interacción","","","inspección DOM/código; no equivale a clic en navegador"
"macro1/index.html","Clase 5 paso 2","a[1]","IPoM junio 2026 ↗","https://www.bcentral.cl/web/banco-central/contenido/-/detalle/publicaciones/politica-monetaria/ipom-junio-2026","https://www.bcentral.cl/web/banco-central/contenido/-/detalle/publicaciones/politica-monetaria/ipom-junio-2026","navegación","externo: pendiente","","","inspección DOM/código; no equivale a clic en navegador"
"macro1/index.html","Clase 5 paso 2","a[2]","Laboratorio de mercado de bienes ↗","#cruz","https://pavelgomez.github.io/MacroLab-Shock-Simulator/macro1/index.html#cruz","navegación","archivo y ancla disponibles; visibilidad por comprobar","","","inspección DOM/código; no equivale a clic en navegador"
"macro1/index.html","Clase 5 paso 2","button[3]","Cerrar ficha y continuar","indicator","control:indicator","acción","control: requiere comprobación de interacción","","","inspección DOM/código; no equivale a clic en navegador"
"macro1/index.html","Clase 5 paso 3","button[1]","Entregar respuesta y revelar retroalimentación","test","control:test","acción","control: requiere comprobación de interacción","","","inspección DOM/código; no equivale a clic en navegador"
"macro1/index.html","Clase 5 paso 4","button[1]","Comprobar mi orientación","feedback","control:feedback","acción","control: requiere comprobación de interacción","","","inspección DOM/código; no equivale a clic en navegador"
"macro1/index.html","Clase 5 paso 5","button[1]","Recibir una orientación y una práctica","error","control:error","acción","control: requiere comprobación de interacción","","","inspección DOM/código; no equivale a clic en navegador"
"macro1/index.html","Clase 5 paso 6","button[1]","Comprobar mi nueva respuesta","guidedCheck","control:guidedCheck","acción","control: requiere comprobación de interacción","","","inspección DOM/código; no equivale a clic en navegador"
"macro1/index.html","Clase 5 paso 6","button[2]","Descargar mi reporte (práctica pendiente)","exportPending","control:exportPending","acción","control: requiere comprobación de interacción","","","inspección DOM/código; no equivale a clic en navegador"
"macro1/index.html","Clase 5 paso 6","button[3]","Practicar en el laboratorio asociado","cruz","control:cruz","acción","control: requiere comprobación de interacción","","","inspección DOM/código; no equivale a clic en navegador"
"macro1/index.html","Clase 5 paso 6","a[4]","Pestaña IS-LM de MacroLab (solo la IS) ↗ (abre en una pestaña nueva)","../?tab=islm","https://pavelgomez.github.io/MacroLab-Shock-Simulator/?tab=islm","navegación","archivo local disponible","","","inspección DOM/código; no equivale a clic en navegador"
"macro1/index.html","Clase 5 paso 6","button[5]","Descargar archivo para continuar (.json)","exportJson","control:exportJson","acción","control: requiere comprobación de interacción","","","inspección DOM/código; no equivale a clic en navegador"
"macro1/index.html","Clase 6 preparación","a[1]","Más caro el crédito y menos ventas: un solo problema (abre en una pestaña nueva)","notas/cronica-clase6-chile-2026.html","https://pavelgomez.github.io/MacroLab-Shock-Simulator/macro1/notas/cronica-clase6-chile-2026.html","navegación","archivo local disponible","","","inspección DOM/código; no equivale a clic en navegador"
"macro1/index.html","Clase 6 preparación","a[2]","Leer en línea (abre en una pestaña nueva)","notas/cronica-clase6-chile-2026.html","https://pavelgomez.github.io/MacroLab-Shock-Simulator/macro1/notas/cronica-clase6-chile-2026.html","navegación","archivo local disponible","","","inspección DOM/código; no equivale a clic en navegador"
"macro1/index.html","Clase 6 preparación","a[3]","Descargar PDF","notas/cronica-clase6.pdf","https://pavelgomez.github.io/MacroLab-Shock-Simulator/macro1/notas/cronica-clase6.pdf","descarga","archivo local disponible","","","inspección DOM/código; no equivale a clic en navegador"
"macro1/index.html","Clase 6 preparación","a[4]","Nota de estudio 7 · IS-LM en economía cerrada (abre en una pestaña nueva)","notas/nota-b4b-islm-alumno.html","https://pavelgomez.github.io/MacroLab-Shock-Simulator/macro1/notas/nota-b4b-islm-alumno.html","navegación","archivo local disponible","","","inspección DOM/código; no equivale a clic en navegador"
"macro1/index.html","Clase 6 preparación","a[5]","Leer en línea (abre en una pestaña nueva)","notas/nota-b4b-islm-alumno.html","https://pavelgomez.github.io/MacroLab-Shock-Simulator/macro1/notas/nota-b4b-islm-alumno.html","navegación","archivo local disponible","","","inspección DOM/código; no equivale a clic en navegador"
"macro1/index.html","Clase 6 preparación","a[6]","Descargar PDF","notas/Nota7_ISLM_alumno.pdf","https://pavelgomez.github.io/MacroLab-Shock-Simulator/macro1/notas/Nota7_ISLM_alumno.pdf","descarga","archivo local disponible","","","inspección DOM/código; no equivale a clic en navegador"
"macro1/index.html","Clase 6 preparación","a[7]","Ayudantía · Clase 6 (IS-LM) (abre en una pestaña nueva)","notas/ayudantias/ayudantia-clase6-islm.pdf","https://pavelgomez.github.io/MacroLab-Shock-Simulator/macro1/notas/ayudantias/ayudantia-clase6-islm.pdf","navegación","archivo local disponible","","","inspección DOM/código; no equivale a clic en navegador"
"macro1/index.html","Clase 6 preparación","a[8]","Abrir PDF (abre en una pestaña nueva)","notas/ayudantias/ayudantia-clase6-islm.pdf","https://pavelgomez.github.io/MacroLab-Shock-Simulator/macro1/notas/ayudantias/ayudantia-clase6-islm.pdf","navegación","archivo local disponible","","","inspección DOM/código; no equivale a clic en navegador"
"macro1/index.html","Clase 6 preparación","a[9]","Descargar PDF","notas/ayudantias/ayudantia-clase6-islm.pdf","https://pavelgomez.github.io/MacroLab-Shock-Simulator/macro1/notas/ayudantias/ayudantia-clase6-islm.pdf","descarga","archivo local disponible","","","inspección DOM/código; no equivale a clic en navegador"
"macro1/index.html","Clase 6 preparación","a[10]","Pauta de práctica · Clase 6 (abre en una pestaña nueva)","notas/pautas/pauta-clase6-islm.pdf","https://pavelgomez.github.io/MacroLab-Shock-Simulator/macro1/notas/pautas/pauta-clase6-islm.pdf","navegación","archivo local disponible","","","inspección DOM/código; no equivale a clic en navegador"
"macro1/index.html","Clase 6 preparación","a[11]","Abrir PDF (abre en una pestaña nueva)","notas/pautas/pauta-clase6-islm.pdf","https://pavelgomez.github.io/MacroLab-Shock-Simulator/macro1/notas/pautas/pauta-clase6-islm.pdf","navegación","archivo local disponible","","","inspección DOM/código; no equivale a clic en navegador"
"macro1/index.html","Clase 6 preparación","a[12]","Descargar PDF","notas/pautas/pauta-clase6-islm.pdf","https://pavelgomez.github.io/MacroLab-Shock-Simulator/macro1/notas/pautas/pauta-clase6-islm.pdf","descarga","archivo local disponible","","","inspección DOM/código; no equivale a clic en navegador"
"macro1/index.html","Clase 6 preparación","a[13]","Pestaña IS-LM de MacroLab (abre en una pestaña nueva)","../?tab=islm","https://pavelgomez.github.io/MacroLab-Shock-Simulator/?tab=islm","navegación","archivo local disponible","","","inspección DOM/código; no equivale a clic en navegador"
"macro1/index.html","Clase 6 preparación","a[14]","Laboratorio IS-LM","#islm","https://pavelgomez.github.io/MacroLab-Shock-Simulator/macro1/index.html#islm","navegación","archivo y ancla disponibles; visibilidad por comprobar","","","inspección DOM/código; no equivale a clic en navegador"
"macro1/index.html","Clase 6 paso 1","button[1]","Continuar a indicadores","reading","control:reading","acción","control: requiere comprobación de interacción","","","inspección DOM/código; no equivale a clic en navegador"
"macro1/index.html","Clase 6 paso 2","a[1]","TPM · serie diaria oficial en la BDE del Banco Central ↗","https://si3.bcentral.cl/siete/ES/Siete/Cuadro/CAP_EST_OMA/MN_EST_OMA/EM_OMA_30?idSerie=F022.TPM.TIN.D001.NO.Z.D","https://si3.bcentral.cl/siete/ES/Siete/Cuadro/CAP_EST_OMA/MN_EST_OMA/EM_OMA_30?idSerie=F022.TPM.TIN.D001.NO.Z.D","navegación","externo: pendiente","","","inspección DOM/código; no equivale a clic en navegador"
"macro1/index.html","Clase 6 paso 2","a[2]","IPoM junio 2026 ↗","https://www.bcentral.cl/web/banco-central/contenido/-/detalle/publicaciones/politica-monetaria/ipom-junio-2026","https://www.bcentral.cl/web/banco-central/contenido/-/detalle/publicaciones/politica-monetaria/ipom-junio-2026","navegación","externo: pendiente","","","inspección DOM/código; no equivale a clic en navegador"
"macro1/index.html","Clase 6 paso 2","button[3]","Cerrar ficha y continuar","indicator","control:indicator","acción","control: requiere comprobación de interacción","","","inspección DOM/código; no equivale a clic en navegador"
"macro1/index.html","Clase 6 paso 3","button[1]","Entregar respuesta y revelar retroalimentación","test","control:test","acción","control: requiere comprobación de interacción","","","inspección DOM/código; no equivale a clic en navegador"
"macro1/index.html","Clase 6 paso 4","button[1]","Comprobar mi orientación","feedback","control:feedback","acción","control: requiere comprobación de interacción","","","inspección DOM/código; no equivale a clic en navegador"
"macro1/index.html","Clase 6 paso 5","button[1]","Recibir una orientación y una práctica","error","control:error","acción","control: requiere comprobación de interacción","","","inspección DOM/código; no equivale a clic en navegador"
"macro1/index.html","Clase 6 paso 6","button[1]","Comprobar mi nueva respuesta","guidedCheck","control:guidedCheck","acción","control: requiere comprobación de interacción","","","inspección DOM/código; no equivale a clic en navegador"
"macro1/index.html","Clase 6 paso 6","button[2]","Descargar mi reporte (práctica pendiente)","exportPending","control:exportPending","acción","control: requiere comprobación de interacción","","","inspección DOM/código; no equivale a clic en navegador"
"macro1/index.html","Clase 6 paso 6","a[3]","Pestaña IS-LM de MacroLab ↗ (abre en una pestaña nueva)","../?tab=islm","https://pavelgomez.github.io/MacroLab-Shock-Simulator/?tab=islm","navegación","archivo local disponible","","","inspección DOM/código; no equivale a clic en navegador"
"macro1/index.html","Clase 6 paso 6","button[4]","Descargar archivo para continuar (.json)","exportJson","control:exportJson","acción","control: requiere comprobación de interacción","","","inspección DOM/código; no equivale a clic en navegador"
"macro1/index.html","Clase 7 preparación","a[1]","La bodega y el banco: quién se entera primero (abre en una pestaña nueva)","notas/cronica-clase7-chile-2026.html","https://pavelgomez.github.io/MacroLab-Shock-Simulator/macro1/notas/cronica-clase7-chile-2026.html","navegación","archivo local disponible","","","inspección DOM/código; no equivale a clic en navegador"
"macro1/index.html","Clase 7 preparación","a[2]","Leer en línea (abre en una pestaña nueva)","notas/cronica-clase7-chile-2026.html","https://pavelgomez.github.io/MacroLab-Shock-Simulator/macro1/notas/cronica-clase7-chile-2026.html","navegación","archivo local disponible","","","inspección DOM/código; no equivale a clic en navegador"
"macro1/index.html","Clase 7 preparación","a[3]","Descargar PDF","notas/cronica-clase7.pdf","https://pavelgomez.github.io/MacroLab-Shock-Simulator/macro1/notas/cronica-clase7.pdf","descarga","archivo local disponible","","","inspección DOM/código; no equivale a clic en navegador"
"macro1/index.html","Clase 7 preparación","a[4]","Nota de estudio 8 · Desequilibrios, efecto desplazamiento y efecto acelerador (abre en una pestaña nueva)","notas/nota-b4c-desequilibrios-alumno.html","https://pavelgomez.github.io/MacroLab-Shock-Simulator/macro1/notas/nota-b4c-desequilibrios-alumno.html","navegación","archivo local disponible","","","inspección DOM/código; no equivale a clic en navegador"
"macro1/index.html","Clase 7 preparación","a[5]","Leer en línea (abre en una pestaña nueva)","notas/nota-b4c-desequilibrios-alumno.html","https://pavelgomez.github.io/MacroLab-Shock-Simulator/macro1/notas/nota-b4c-desequilibrios-alumno.html","navegación","archivo local disponible","","","inspección DOM/código; no equivale a clic en navegador"
"macro1/index.html","Clase 7 preparación","a[6]","Descargar PDF","notas/Nota8_desequilibrios_alumno.pdf","https://pavelgomez.github.io/MacroLab-Shock-Simulator/macro1/notas/Nota8_desequilibrios_alumno.pdf","descarga","archivo local disponible","","","inspección DOM/código; no equivale a clic en navegador"
"macro1/index.html","Clase 7 preparación","a[7]","Ayudantía · Clase 7 (ajuste) (abre en una pestaña nueva)","notas/ayudantias/ayudantia-clase7-desequilibrios.pdf","https://pavelgomez.github.io/MacroLab-Shock-Simulator/macro1/notas/ayudantias/ayudantia-clase7-desequilibrios.pdf","navegación","archivo local disponible","","","inspección DOM/código; no equivale a clic en navegador"
"macro1/index.html","Clase 7 preparación","a[8]","Abrir PDF (abre en una pestaña nueva)","notas/ayudantias/ayudantia-clase7-desequilibrios.pdf","https://pavelgomez.github.io/MacroLab-Shock-Simulator/macro1/notas/ayudantias/ayudantia-clase7-desequilibrios.pdf","navegación","archivo local disponible","","","inspección DOM/código; no equivale a clic en navegador"
"macro1/index.html","Clase 7 preparación","a[9]","Descargar PDF","notas/ayudantias/ayudantia-clase7-desequilibrios.pdf","https://pavelgomez.github.io/MacroLab-Shock-Simulator/macro1/notas/ayudantias/ayudantia-clase7-desequilibrios.pdf","descarga","archivo local disponible","","","inspección DOM/código; no equivale a clic en navegador"
"macro1/index.html","Clase 7 preparación","a[10]","Pauta de práctica · Clase 7 (abre en una pestaña nueva)","notas/pautas/pauta-clase7-desequilibrios.pdf","https://pavelgomez.github.io/MacroLab-Shock-Simulator/macro1/notas/pautas/pauta-clase7-desequilibrios.pdf","navegación","archivo local disponible","","","inspección DOM/código; no equivale a clic en navegador"
"macro1/index.html","Clase 7 preparación","a[11]","Abrir PDF (abre en una pestaña nueva)","notas/pautas/pauta-clase7-desequilibrios.pdf","https://pavelgomez.github.io/MacroLab-Shock-Simulator/macro1/notas/pautas/pauta-clase7-desequilibrios.pdf","navegación","archivo local disponible","","","inspección DOM/código; no equivale a clic en navegador"
"macro1/index.html","Clase 7 preparación","a[12]","Descargar PDF","notas/pautas/pauta-clase7-desequilibrios.pdf","https://pavelgomez.github.io/MacroLab-Shock-Simulator/macro1/notas/pautas/pauta-clase7-desequilibrios.pdf","descarga","archivo local disponible","","","inspección DOM/código; no equivale a clic en navegador"
"macro1/index.html","Clase 7 preparación","a[13]","Pestaña IS-LM de MacroLab (abre en una pestaña nueva)","../?tab=islm","https://pavelgomez.github.io/MacroLab-Shock-Simulator/?tab=islm","navegación","archivo local disponible","","","inspección DOM/código; no equivale a clic en navegador"
"macro1/index.html","Clase 7 preparación","a[14]","Laboratorio IS-LM","#islm","https://pavelgomez.github.io/MacroLab-Shock-Simulator/macro1/index.html#islm","navegación","archivo y ancla disponibles; visibilidad por comprobar","","","inspección DOM/código; no equivale a clic en navegador"
"macro1/index.html","Clase 7 preparación","a[15]","Ayudantía de consolidación IS-LM (sección 72744) (abre en una pestaña nueva)","notas/ayudantias/ayudantia-consolidacion-islm-72744.pdf","https://pavelgomez.github.io/MacroLab-Shock-Simulator/macro1/notas/ayudantias/ayudantia-consolidacion-islm-72744.pdf","navegación","archivo local disponible","","","inspección DOM/código; no equivale a clic en navegador"
"macro1/index.html","Clase 7 preparación","a[16]","Abrir PDF (abre en una pestaña nueva)","notas/ayudantias/ayudantia-consolidacion-islm-72744.pdf","https://pavelgomez.github.io/MacroLab-Shock-Simulator/macro1/notas/ayudantias/ayudantia-consolidacion-islm-72744.pdf","navegación","archivo local disponible","","","inspección DOM/código; no equivale a clic en navegador"
"macro1/index.html","Clase 7 preparación","a[17]","Descargar PDF","notas/ayudantias/ayudantia-consolidacion-islm-72744.pdf","https://pavelgomez.github.io/MacroLab-Shock-Simulator/macro1/notas/ayudantias/ayudantia-consolidacion-islm-72744.pdf","descarga","archivo local disponible","","","inspección DOM/código; no equivale a clic en navegador"
"macro1/index.html","Clase 7 preparación","a[18]","Pauta · Ayudantía de consolidación IS-LM (sección 72744) (abre en una pestaña nueva)","notas/pautas/pauta-consolidacion-islm-72744.pdf","https://pavelgomez.github.io/MacroLab-Shock-Simulator/macro1/notas/pautas/pauta-consolidacion-islm-72744.pdf","navegación","archivo local disponible","","","inspección DOM/código; no equivale a clic en navegador"
"macro1/index.html","Clase 7 preparación","a[19]","Abrir PDF (abre en una pestaña nueva)","notas/pautas/pauta-consolidacion-islm-72744.pdf","https://pavelgomez.github.io/MacroLab-Shock-Simulator/macro1/notas/pautas/pauta-consolidacion-islm-72744.pdf","navegación","archivo local disponible","","","inspección DOM/código; no equivale a clic en navegador"
"macro1/index.html","Clase 7 preparación","a[20]","Descargar PDF","notas/pautas/pauta-consolidacion-islm-72744.pdf","https://pavelgomez.github.io/MacroLab-Shock-Simulator/macro1/notas/pautas/pauta-consolidacion-islm-72744.pdf","descarga","archivo local disponible","","","inspección DOM/código; no equivale a clic en navegador"
"macro1/index.html","Clase 7 preparación","a[21]","Sesión de refuerzo gráfico y simulacro (sección 72745) (abre en una pestaña nueva)","notas/ayudantias/ayudantia-refuerzo-simulacro-72745.pdf","https://pavelgomez.github.io/MacroLab-Shock-Simulator/macro1/notas/ayudantias/ayudantia-refuerzo-simulacro-72745.pdf","navegación","archivo local disponible","","","inspección DOM/código; no equivale a clic en navegador"
"macro1/index.html","Clase 7 preparación","a[22]","Abrir PDF (abre en una pestaña nueva)","notas/ayudantias/ayudantia-refuerzo-simulacro-72745.pdf","https://pavelgomez.github.io/MacroLab-Shock-Simulator/macro1/notas/ayudantias/ayudantia-refuerzo-simulacro-72745.pdf","navegación","archivo local disponible","","","inspección DOM/código; no equivale a clic en navegador"
"macro1/index.html","Clase 7 preparación","a[23]","Descargar PDF","notas/ayudantias/ayudantia-refuerzo-simulacro-72745.pdf","https://pavelgomez.github.io/MacroLab-Shock-Simulator/macro1/notas/ayudantias/ayudantia-refuerzo-simulacro-72745.pdf","descarga","archivo local disponible","","","inspección DOM/código; no equivale a clic en navegador"
"macro1/index.html","Clase 7 preparación","a[24]","Pauta · Sesión de refuerzo gráfico y simulacro (sección 72745) (abre en una pestaña nueva)","notas/pautas/pauta-refuerzo-simulacro-72745.pdf","https://pavelgomez.github.io/MacroLab-Shock-Simulator/macro1/notas/pautas/pauta-refuerzo-simulacro-72745.pdf","navegación","archivo local disponible","","","inspección DOM/código; no equivale a clic en navegador"
"macro1/index.html","Clase 7 preparación","a[25]","Abrir PDF (abre en una pestaña nueva)","notas/pautas/pauta-refuerzo-simulacro-72745.pdf","https://pavelgomez.github.io/MacroLab-Shock-Simulator/macro1/notas/pautas/pauta-refuerzo-simulacro-72745.pdf","navegación","archivo local disponible","","","inspección DOM/código; no equivale a clic en navegador"
"macro1/index.html","Clase 7 preparación","a[26]","Descargar PDF","notas/pautas/pauta-refuerzo-simulacro-72745.pdf","https://pavelgomez.github.io/MacroLab-Shock-Simulator/macro1/notas/pautas/pauta-refuerzo-simulacro-72745.pdf","descarga","archivo local disponible","","","inspección DOM/código; no equivale a clic en navegador"
"macro1/index.html","Clase 7 paso 1","button[1]","Continuar a indicadores","reading","control:reading","acción","control: requiere comprobación de interacción","","","inspección DOM/código; no equivale a clic en navegador"
"macro1/index.html","Clase 7 paso 2","a[1]","IPoM junio 2026 ↗","https://www.bcentral.cl/web/banco-central/contenido/-/detalle/publicaciones/politica-monetaria/ipom-junio-2026","https://www.bcentral.cl/web/banco-central/contenido/-/detalle/publicaciones/politica-monetaria/ipom-junio-2026","navegación","externo: pendiente","","","inspección DOM/código; no equivale a clic en navegador"
"macro1/index.html","Clase 7 paso 2","a[2]","TPM · serie diaria oficial en la BDE del Banco Central ↗","https://si3.bcentral.cl/siete/ES/Siete/Cuadro/CAP_EST_OMA/MN_EST_OMA/EM_OMA_30?idSerie=F022.TPM.TIN.D001.NO.Z.D","https://si3.bcentral.cl/siete/ES/Siete/Cuadro/CAP_EST_OMA/MN_EST_OMA/EM_OMA_30?idSerie=F022.TPM.TIN.D001.NO.Z.D","navegación","externo: pendiente","","","inspección DOM/código; no equivale a clic en navegador"
"macro1/index.html","Clase 7 paso 2","button[3]","Cerrar ficha y continuar","indicator","control:indicator","acción","control: requiere comprobación de interacción","","","inspección DOM/código; no equivale a clic en navegador"
"macro1/index.html","Clase 7 paso 3","button[1]","Entregar respuesta y revelar retroalimentación","test","control:test","acción","control: requiere comprobación de interacción","","","inspección DOM/código; no equivale a clic en navegador"
"macro1/index.html","Clase 7 paso 4","button[1]","Comprobar mi orientación","feedback","control:feedback","acción","control: requiere comprobación de interacción","","","inspección DOM/código; no equivale a clic en navegador"
"macro1/index.html","Clase 7 paso 5","button[1]","Recibir una orientación y una práctica","error","control:error","acción","control: requiere comprobación de interacción","","","inspección DOM/código; no equivale a clic en navegador"
"macro1/index.html","Clase 7 paso 6","button[1]","Comprobar mi nueva respuesta","guidedCheck","control:guidedCheck","acción","control: requiere comprobación de interacción","","","inspección DOM/código; no equivale a clic en navegador"
"macro1/index.html","Clase 7 paso 6","button[2]","Descargar mi reporte (práctica pendiente)","exportPending","control:exportPending","acción","control: requiere comprobación de interacción","","","inspección DOM/código; no equivale a clic en navegador"
"macro1/index.html","Clase 7 paso 6","a[3]","Pestaña IS-LM de MacroLab ↗ (abre en una pestaña nueva)","../?tab=islm","https://pavelgomez.github.io/MacroLab-Shock-Simulator/?tab=islm","navegación","archivo local disponible","","","inspección DOM/código; no equivale a clic en navegador"
"macro1/index.html","Clase 7 paso 6","button[4]","Descargar archivo para continuar (.json)","exportJson","control:exportJson","acción","control: requiere comprobación de interacción","","","inspección DOM/código; no equivale a clic en navegador"
